Day,Campaign name,Ad name,Amount Spent,Impressions,Reach,Frequency,"CPM (Cost per 1,000 Impressions)",Link Clicks,CPC (Cost per Link Click),CTR (Link Click-Through Rate)
2026-05-01,[INSTA] [Seguidores] [Frio] - ABO,[INSTA] AD-V: Medo do Escuro,47.88,3941,0,0,12.15,83,0.58,2.11
2026-05-01,[PSI08] [Compra] [Frio] - ABO,[PSI] AD13_PSIVendas_Set,32.96,967,0,0,34.08,14,2.35,1.45
2026-05-01,[PSI08] [Compra] [Frio] - ABO,[PSI] AD13_PSIVendas_Set,66.33,2032,0,0,32.64,25,2.65,1.23
2026-05-01,[PSI08] [Compra] [Frio] - ABO,[PSI] AD14_PSIVendas_Set,34.07,862,0,0,39.52,9,3.79,1.04
2026-05-01,[PSI08] [Compra] [Frio] - ABO,[PSI] AD14_PSIVendas_Set,33.9,806,0,0,42.06,14,2.42,1.74
2026-05-01,[PSI08] [Compra] [Frio] - ABO,[PSI] AD14_PSIVendas_Set,0.55,22,0,0,25.0,0,0,0.0
2026-05-01,[PSI08] [Compra] [Frio] - ABO,[PSI] AD14_PSIVendas_Set,1.75,26,0,0,67.31,0,0,0.0
2026-05-01,[PSI08] [Compra] [Quente] [Teste Criativos] [Estáticos] - ABO,[PSI] AD-E 02,2.07,121,0,0,17.11,0,0,0.0
2026-05-01,[PSI08] [Compra] [Quente] [Teste Criativos] [Estáticos] - ABO,[PSI] AD-E 03,29.59,1224,0,0,24.17,11,2.69,0.9
2026-05-01,[PSI08] [Compra] [Quente] [Teste Criativos] [Estáticos] - ABO,[PSI] AD-E 03,18.75,561,0,0,33.42,11,1.7,1.96
2026-05-01,[PSI08] [Compra] [Quente] [Teste Criativos] [Estáticos] - ABO,[PSI] AD-E 06,6.05,387,0,0,15.63,0,0,0.0
2026-05-01,[PSI08] [Compra] [Quente] [Teste Criativos] [Estáticos] - ABO,[PSI] AD-E 06,5.95,258,0,0,23.06,1,5.95,0.39
2026-05-01,[PSI08] [Initiate Checkout] [Frio] [ADV+] - ABO,[PSI] AD-E 02,13.86,372,0,0,37.26,9,1.54,2.42
2026-05-01,[PSI08] [Initiate Checkout] [Frio] [ADV+] - ABO,[PSI] AD-E 06,3.83,88,0,0,43.52,3,1.28,3.41
2026-05-01,[PSI08] [Initiate Checkout] [Frio] [ADV+] - ABO,[PSI] AD13_PSIVendas_Set,19.1,637,0,0,29.98,19,1.01,2.98
2026-05-02,[INSTA] [Seguidores] [Frio] - ABO,[INSTA] AD-V: Medo do Escuro,45.59,3768,0,0,12.1,88,0.52,2.34
2026-05-02,[PSI08] [Compra] [Frio] - ABO,[PSI] AD13_PSIVendas_Set,46.91,1251,0,0,37.5,22,2.13,1.76
2026-05-02,[PSI08] [Compra] [Frio] - ABO,[PSI] AD13_PSIVendas_Set,58.03,1654,0,0,35.08,27,2.15,1.63
2026-05-02,[PSI08] [Compra] [Frio] - ABO,[PSI] AD14_PSIVendas_Set,14.8,324,0,0,45.68,2,7.4,0.62
2026-05-02,[PSI08] [Compra] [Frio] - ABO,[PSI] AD14_PSIVendas_Set,15.31,377,0,0,40.61,8,1.91,2.12
2026-05-02,[PSI08] [Compra] [Frio] - ABO,[PSI] AD14_PSIVendas_Set,0.03,3,0,0,10.0,0,0,0.0
2026-05-02,[PSI08] [Compra] [Quente] [Teste Criativos] [Estáticos] - ABO,[PSI] AD-E 03,10.86,502,0,0,21.63,1,10.86,0.2
2026-05-02,[PSI08] [Compra] [Quente] [Teste Criativos] [Estáticos] - ABO,[PSI] AD-E 03,41.55,2237,0,0,18.57,6,6.92,0.27
2026-05-02,[PSI08] [Initiate Checkout] [Frio] [ADV+] - ABO,[PSI] AD-E 02,3.05,67,0,0,45.52,3,1.02,4.48
2026-05-02,[PSI08] [Initiate Checkout] [Frio] [ADV+] - ABO,[PSI] AD13_PSIVendas_Set,3.56,100,0,0,35.6,5,0.71,5.0
2026-05-03,[INSTA] [Seguidores] [Frio] - ABO,[INSTA] AD-V: Medo do Escuro,43.93,4319,0,0,10.17,85,0.52,1.97
2026-05-03,[PSI08] [Compra] [Frio] - ABO,[PSI] AD13_PSIVendas_Set,70.58,1835,0,0,38.46,41,1.72,2.23
2026-05-03,[PSI08] [Compra] [Frio] - ABO,[PSI] AD13_PSIVendas_Set,58.99,1346,0,0,43.83,25,2.36,1.86
2026-05-03,[PSI08] [Compra] [Frio] - ABO,[PSI] AD14_PSIVendas_Set,0.1,8,0,0,12.5,0,0,0.0
2026-05-03,[PSI08] [Compra] [Frio] - ABO,[PSI] AD14_PSIVendas_Set,1.25,38,0,0,32.89,0,0,0.0
2026-05-03,[PSI08] [Compra] [Quente] [Teste Criativos] [Estáticos] - ABO,[PSI] AD-E 02,0.28,33,0,0,8.48,0,0,0.0
2026-05-03,[PSI08] [Compra] [Quente] [Teste Criativos] [Estáticos] - ABO,[PSI] AD-E 03,29.16,1491,0,0,19.56,18,1.62,1.21
2026-05-03,[PSI08] [Compra] [Quente] [Teste Criativos] [Estáticos] - ABO,[PSI] AD-E 06,29.43,1896,0,0,15.52,13,2.26,0.69
2026-05-04,[INSTA] [Seguidores] [Frio] - ABO,[INSTA] AD-V: Medo do Escuro,41.15,4332,0,0,9.5,80,0.51,1.85
2026-05-04,[PSI08] [Compra] [Frio] - ABO,[PSI] AD13_PSIVendas_Set,57.79,2111,0,0,27.38,33,1.75,1.56
2026-05-04,[PSI08] [Compra] [Frio] - ABO,[PSI] AD13_PSIVendas_Set,70.49,1896,0,0,37.18,31,2.27,1.64
2026-05-04,[PSI08] [Compra] [Frio] - ABO,[PSI] AD13_PSIVendas_Set,68.16,1475,0,0,46.21,26,2.62,1.76
2026-05-04,[PSI08] [Compra] [Frio] - ABO,[PSI] AD13_PSIVendas_Set,52.04,1803,0,0,28.86,34,1.53,1.89
2026-05-04,[PSI08] [Compra] [Frio] - ABO,[PSI] AD14_PSIVendas_Set,9.39,292,0,0,32.16,4,2.35,1.37
2026-05-04,[PSI08] [Compra] [Frio] - ABO,[PSI] AD14_PSIVendas_Set,10.57,339,0,0,31.18,4,2.64,1.18
2026-05-04,[PSI08] [Compra] [Frio] - ABO,[PSI] AD14_PSIVendas_Set,1.04,29,0,0,35.86,2,0.52,6.9
2026-05-04,[PSI08] [Compra] [Quente] [Teste Criativos] [Estáticos] - ABO,[PSI] AD-E 02,6.51,537,0,0,12.12,0,0,0.0
2026-05-04,[PSI08] [Compra] [Quente] [Teste Criativos] [Estáticos] - ABO,[PSI] AD-E 03,39.58,3300,0,0,11.99,16,2.47,0.48
2026-05-04,[PSI08] [Compra] [Quente] [Teste Criativos] [Estáticos] - ABO,[PSI] AD-E 06,8.94,683,0,0,13.09,6,1.49,0.88
2026-05-05,[INSTA] [Seguidores] [Frio] - ABO,[INSTA] AD-V: Medo do Escuro,40.08,3876,0,0,10.34,66,0.61,1.7
2026-05-05,[PSI08] [Compra] [Frio] - ABO,[PSI] AD13_PSIVendas_Set,43.67,1215,0,0,35.94,26,1.68,2.14
2026-05-05,[PSI08] [Compra] [Frio] - ABO,[PSI] AD13_PSIVendas_Set,76.81,3028,0,0,25.37,35,2.19,1.16
2026-05-05,[PSI08] [Compra] [Frio] - ABO,[PSI] AD13_PSIVendas_Set,49.49,1595,0,0,31.03,37,1.34,2.32
2026-05-05,[PSI08] [Compra] [Frio] - ABO,[PSI] AD13_PSIVendas_Set,44.01,1508,0,0,29.18,31,1.42,2.06
2026-05-05,[PSI08] [Compra] [Frio] - ABO,[PSI] AD14_PSIVendas_Set,21.62,616,0,0,35.1,5,4.32,0.81
2026-05-05,[PSI08] [Compra] [Frio] - ABO,[PSI] AD14_PSIVendas_Set,22.07,746,0,0,29.58,14,1.58,1.88
2026-05-05,[PSI08] [Compra] [Frio] - ABO,[PSI] AD14_PSIVendas_Set,0.59,33,0,0,17.88,0,0,0.0
2026-05-05,[PSI08] [Compra] [Frio] - ABO,[PSI] AD14_PSIVendas_Set,2.74,65,0,0,42.15,3,0.91,4.62
2026-05-05,[PSI08] [Compra] [Quente] [Teste Criativos] [Estáticos] - ABO,[PSI] AD-E 02,0.0,4,0,0,0.0,0,0,0.0
2026-05-05,[PSI08] [Compra] [Quente] [Teste Criativos] [Estáticos] - ABO,[PSI] AD-E 03,60.46,4423,0,0,13.67,24,2.52,0.54
2026-05-06,[INSTA] [Seguidores] [Frio] - ABO,[INSTA] AD-V: Medo do Escuro,38.32,2998,0,0,12.78,70,0.55,2.33
2026-05-06,[PSI08] [Compra] [Frio] - ABO,[PSI] AD-E 03 — Cópia,5.77,243,0,0,23.74,2,2.88,0.82
2026-05-06,[PSI08] [Compra] [Frio] - ABO,[PSI] AD-E 03 — Cópia,5.39,138,0,0,39.06,1,5.39,0.72
2026-05-06,[PSI08] [Compra] [Frio] - ABO,[PSI] AD-E 03 — Cópia,0.41,10,0,0,41.0,0,0,0.0
2026-05-06,[PSI08] [Compra] [Frio] - ABO,[PSI] AD-E 03 — Cópia,6.22,253,0,0,24.58,1,6.22,0.4
2026-05-06,[PSI08] [Compra] [Frio] - ABO,[PSI] AD-E 06 — Cópia,31.67,1587,0,0,19.96,11,2.88,0.69
2026-05-06,[PSI08] [Compra] [Frio] - ABO,[PSI] AD-E 06 — Cópia,24.87,1201,0,0,20.71,12,2.07,1.0
2026-05-06,[PSI08] [Compra] [Frio] - ABO,[PSI] AD-E 06 — Cópia,21.09,863,0,0,24.44,10,2.11,1.16
2026-05-06,[PSI08] [Compra] [Frio] - ABO,[PSI] AD-E 06 — Cópia,4.0,252,0,0,15.87,2,2.0,0.79
2026-05-06,[PSI08] [Compra] [Frio] - ABO,[PSI] AD13_PSIVendas_Set,22.57,704,0,0,32.06,10,2.26,1.42
2026-05-06,[PSI08] [Compra] [Frio] - ABO,[PSI] AD13_PSIVendas_Set,57.71,2313,0,0,24.95,30,1.92,1.3
2026-05-06,[PSI08] [Compra] [Frio] - ABO,[PSI] AD13_PSIVendas_Set,32.24,679,0,0,47.48,16,2.02,2.36
2026-05-06,[PSI08] [Compra] [Frio] - ABO,[PSI] AD13_PSIVendas_Set,15.5,353,0,0,43.91,5,3.1,1.42
2026-05-06,[PSI08] [Compra] [Frio] - ABO,[PSI] AD14_PSIVendas_Set,7.75,244,0,0,31.76,4,1.94,1.64
2026-05-06,[PSI08] [Compra] [Frio] - ABO,[PSI] AD14_PSIVendas_Set,8.16,235,0,0,34.72,1,8.16,0.43
2026-05-06,[PSI08] [Compra] [Frio] - ABO,[PSI] AD14_PSIVendas_Set,0.03,3,0,0,10.0,0,0,0.0
2026-05-06,[PSI08] [Compra] [Quente] [Teste Criativos] [Estáticos] - ABO,[PSI] AD-E 02,4.6,327,0,0,14.07,2,2.3,0.61
2026-05-06,[PSI08] [Compra] [Quente] [Teste Criativos] [Estáticos] - ABO,[PSI] AD-E 03,20.89,1421,0,0,14.7,6,3.48,0.42
2026-05-06,[PSI08] [Compra] [Quente] [Teste Criativos] [Estáticos] - ABO,[PSI] AD-E 06,0.17,33,0,0,5.15,0,0,0.0
2026-05-06,[PSI08] [Compra] [Quente] [Teste Criativos] [Estáticos] - ABO,[PSI] AD-E 07,1.05,114,0,0,9.21,0,0,0.0
2026-05-06,[PSI08] [Compra] [Quente] [Teste Criativos] [Estáticos] - ABO,[PSI] AD-E 09,0.08,7,0,0,11.43,0,0,0.0
2026-05-06,[PSI08] [Compra] [Quente] [Teste Criativos] [Estáticos] - ABO,[PSI] AD-V: Mitos,33.7,1586,0,0,21.25,11,3.06,0.69
2026-05-06,[PSI08] [Compra] [Quente] [Teste Criativos] [Estáticos] - ABO,[PSI] AD-V: Você já saiu,59.51,2543,0,0,23.4,28,2.13,1.1
2026-05-07,[INSTA] [Seguidores] [Frio] - ABO,[INSTA] AD-V: Medo do Escuro,40.96,3023,0,0,13.55,70,0.59,2.32
2026-05-07,[PSI08] [Compra] [Frio] - ABO,[PSI] AD-E 03 — Cópia,0.44,22,0,0,20.0,0,0,0.0
2026-05-07,[PSI08] [Compra] [Frio] - ABO,[PSI] AD-E 03 — Cópia,8.55,156,0,0,54.81,3,2.85,1.92
2026-05-07,[PSI08] [Compra] [Frio] - ABO,[PSI] AD-E 03 — Cópia,6.4,210,0,0,30.48,2,3.2,0.95
2026-05-07,[PSI08] [Compra] [Frio] - ABO,[PSI] AD-E 06 — Cópia,0.56,18,0,0,31.11,0,0,0.0
2026-05-07,[PSI08] [Compra] [Frio] - ABO,[PSI] AD-E 06 — Cópia,3.54,139,0,0,25.47,1,3.54,0.72
2026-05-07,[PSI08] [Compra] [Frio] - ABO,[PSI] AD-E 06 — Cópia,36.74,1625,0,0,22.61,13,2.83,0.8
2026-05-07,[PSI08] [Compra] [Frio] - ABO,[PSI] AD-E 06 — Cópia,55.17,1751,0,0,31.51,20,2.76,1.14
2026-05-07,[PSI08] [Compra] [Frio] - ABO,[PSI] AD13_PSIVendas_Set,7.05,290,0,0,24.31,10,0.7,3.45
2026-05-07,[PSI08] [Compra] [Frio] - ABO,[PSI] AD13_PSIVendas_Set,19.57,503,0,0,38.91,4,4.89,0.8
2026-05-07,[PSI08] [Compra] [Frio] - ABO,[PSI] AD13_PSIVendas_Set,1.66,44,0,0,37.73,0,0,0.0
2026-05-07,[PSI08] [Compra] [Frio] - ABO,[PSI] AD13_PSIVendas_Set,47.22,1149,0,0,41.1,20,2.36,1.74
2026-05-07,[PSI08] [Compra] [Frio] - ABO,[PSI] AD14_PSIVendas_Set,0.05,5,0,0,10.0,0,0,0.0
2026-05-07,[PSI08] [Compra] [Frio] - ABO,[PSI] AD14_PSIVendas_Set,4.68,125,0,0,37.44,2,2.34,1.6
2026-05-07,[PSI08] [Compra] [Frio] - ABO,[PSI] AD14_PSIVendas_Set,1.09,31,0,0,35.16,0,0,0.0
2026-05-07,[PSI08] [Compra] [Quente] [Teste Criativos] [Estáticos] - ABO,[PSI] AD-E 03,2.08,131,0,0,15.88,2,1.04,1.53
2026-05-07,[PSI08] [Compra] [Quente] [Teste Criativos] [Estáticos] - ABO,[PSI] AD-E 06,2.3,133,0,0,17.29,1,2.3,0.75
2026-05-07,[PSI08] [Compra] [Quente] [Teste Criativos] [Estáticos] - ABO,[PSI] AD-V: Mitos,15.16,593,0,0,25.56,10,1.52,1.69
2026-05-07,[PSI08] [Compra] [Quente] [Teste Criativos] [Estáticos] - ABO,[PSI] AD-V: Você já saiu,45.34,1969,0,0,23.03,25,1.81,1.27
2026-05-07,[RE] [Compra] [Quente] [Validação] [Estáticos] - ABO,[RE] AD-E: 01,17.23,1040,0,0,16.57,15,1.15,1.44
2026-05-07,[RE] [Compra] [Quente] [Validação] [Estáticos] - ABO,[RE] AD-E: 01,1.77,60,0,0,29.5,4,0.44,6.67
2026-05-07,[RE] [Compra] [Quente] [Validação] [Estáticos] - ABO,[RE] AD-E: 02,5.83,309,0,0,18.87,1,5.83,0.32
2026-05-07,[RE] [Compra] [Quente] [Validação] [Estáticos] - ABO,[RE] AD-E: 02,0.0,1,0,0,0.0,0,0,0.0
2026-05-07,[RE] [Compra] [Quente] [Validação] [Estáticos] - ABO,[RE] AD-E: 02,2.93,57,0,0,51.4,2,1.47,3.51
2026-05-07,[RE] [Compra] [Quente] [Validação] [Estáticos] - ABO,[RE] AD-E: 03,6.92,339,0,0,20.41,2,3.46,0.59
2026-05-07,[RE] [Compra] [Quente] [Validação] [Estáticos] - ABO,[RE] AD-E: 03,15.72,625,0,0,25.15,7,2.25,1.12
2026-05-07,[RE] [Compra] [Quente] [Validação] [Estáticos] - ABO,[RE] AD-E: 03,1.04,35,0,0,29.71,3,0.35,8.57
2026-05-07,[RE] [Compra] [Quente] [Validação] [Estáticos] - ABO,[RE] AD-E: 04,0.26,15,0,0,17.33,0,0,0.0
2026-05-07,[RE] [Compra] [Quente] [Validação] [Estáticos] - ABO,[RE] AD-E: 04,10.65,459,0,0,23.2,4,2.66,0.87
2026-05-07,[RE] [Compra] [Quente] [Validação] [Estáticos] - ABO,[RE] AD-E: 04,0.47,15,0,0,31.33,0,0,0.0
2026-05-07,[RE] [Compra] [Quente] [Validação] [Estáticos] - ABO,[RE] AD-V: 07,32.45,1193,0,0,27.2,20,1.62,1.68
2026-05-07,[RE] [Compra] [Quente] [Validação] [Vídeos] - ABO,[RE] AD-V: 01,2.01,61,0,0,32.95,3,0.67,4.92
2026-05-07,[RE] [Compra] [Quente] [Validação] [Vídeos] - ABO,[RE] AD-V: 01,0.31,18,0,0,17.22,1,0.31,5.56
2026-05-07,[RE] [Compra] [Quente] [Validação] [Vídeos] - ABO,[RE] AD-V: 01,0.1,1,0,0,100.0,0,0,0.0
2026-05-07,[RE] [Compra] [Quente] [Validação] [Vídeos] - ABO,[RE] AD-V: 02,3.9,169,0,0,23.08,8,0.49,4.73
2026-05-07,[RE] [Compra] [Quente] [Validação] [Vídeos] - ABO,[RE] AD-V: 02,3.94,137,0,0,28.76,2,1.97,1.46
2026-05-07,[RE] [Compra] [Quente] [Validação] [Vídeos] - ABO,[RE] AD-V: 02,20.83,875,0,0,23.81,13,1.6,1.49
2026-05-07,[RE] [Compra] [Quente] [Validação] [Vídeos] - ABO,[RE] AD-V: 02 — Cópia,1.38,60,0,0,23.0,0,0,0.0
2026-05-07,[RE] [Compra] [Quente] [Validação] [Vídeos] - ABO,[RE] AD-V: 03,1.17,59,0,0,19.83,0,0,0.0
2026-05-07,[RE] [Compra] [Quente] [Validação] [Vídeos] - ABO,[RE] AD-V: 03,1.24,52,0,0,23.85,0,0,0.0
2026-05-07,[RE] [Compra] [Quente] [Validação] [Vídeos] - ABO,[RE] AD-V: 03,0.39,13,0,0,30.0,0,0,0.0
2026-05-07,[RE] [Compra] [Quente] [Validação] [Vídeos] - ABO,[RE] AD-V: 04,0.12,3,0,0,40.0,0,0,0.0
2026-05-07,[RE] [Compra] [Quente] [Validação] [Vídeos] - ABO,[RE] AD-V: 04,0.51,13,0,0,39.23,1,0.51,7.69
2026-05-07,[RE] [Compra] [Quente] [Validação] [Vídeos] - ABO,[RE] AD-V: 04,1.44,53,0,0,27.17,0,0,0.0
2026-05-07,[RE] [Compra] [Quente] [Validação] [Vídeos] - ABO,[RE] AD-V: 04,1.8,68,0,0,26.47,0,0,0.0
2026-05-07,[RE] [Compra] [Quente] [Validação] [Vídeos] - ABO,[RE] AD-V: 05,0.82,25,0,0,32.8,4,0.2,16.0
2026-05-07,[RE] [Compra] [Quente] [Validação] [Vídeos] - ABO,[RE] AD-V: 05,4.42,148,0,0,29.86,2,2.21,1.35
2026-05-07,[RE] [Compra] [Quente] [Validação] [Vídeos] - ABO,[RE] AD-V: 05,0.77,31,0,0,24.84,0,0,0.0
2026-05-07,[RE] [Compra] [Quente] [Validação] [Vídeos] - ABO,[RE] AD-V: 06,6.84,254,0,0,26.93,2,3.42,0.79
2026-05-07,[RE] [Compra] [Quente] [Validação] [Vídeos] - ABO,[RE] AD-V: 06,28.65,1051,0,0,27.26,28,1.02,2.66
2026-05-07,[RE] [Compra] [Quente] [Validação] [Vídeos] - ABO,[RE] AD-V: 07,2.22,32,0,0,69.38,1,2.22,3.12
2026-05-08,[INSTA] [Seguidores] [Frio] - ABO,[INSTA] AD-V: Medo do Escuro,39.69,2796,0,0,14.2,61,0.65,2.18
2026-05-08,[PSI08] [Compra] [Frio] - ABO,[PSI] AD-E 03 — Cópia,9.44,257,0,0,36.73,3,3.15,1.17
2026-05-08,[PSI08] [Compra] [Frio] - ABO,[PSI] AD-E 03 — Cópia,1.7,51,0,0,33.33,0,0,0.0
2026-05-08,[PSI08] [Compra] [Frio] - ABO,[PSI] AD-E 03 — Cópia,3.13,90,0,0,34.78,2,1.56,2.22
2026-05-08,[PSI08] [Compra] [Frio] - ABO,[PSI] AD-E 06 — Cópia,21.7,571,0,0,38.0,5,4.34,0.88
2026-05-08,[PSI08] [Compra] [Frio] - ABO,[PSI] AD-E 06 — Cópia,3.53,139,0,0,25.4,4,0.88,2.88
2026-05-08,[PSI08] [Compra] [Frio] - ABO,[PSI] AD-E 06 — Cópia,6.56,213,0,0,30.8,4,1.64,1.88
2026-05-08,[PSI08] [Compra] [Frio] - ABO,[PSI] AD13_PSIVendas_Set,1.83,91,0,0,20.11,3,0.61,3.3
2026-05-08,[PSI08] [Compra] [Frio] - ABO,[PSI] AD13_PSIVendas_Set,13.1,274,0,0,47.81,5,2.62,1.82
2026-05-08,[PSI08] [Compra] [Frio] - ABO,[PSI] AD14_PSIVendas_Set,17.99,530,0,0,33.94,8,2.25,1.51
2026-05-08,[PSI08] [Compra] [Quente] [Teste Criativos] [Estáticos] - ABO,[PSI] AD-V: Você já saiu,41.62,2078,0,0,20.03,29,1.44,1.4
2026-05-08,[RE] [Compra] [Frio] [Validação] [Vídeos] - ABO,[RE] AD-V: 01,0.71,31,0,0,22.9,0,0,0.0
2026-05-08,[RE] [Compra] [Frio] [Validação] [Vídeos] - ABO,[RE] AD-V: 01,13.71,442,0,0,31.02,7,1.96,1.58
2026-05-08,[RE] [Compra] [Frio] [Validação] [Vídeos] - ABO,[RE] AD-V: 01,2.04,67,0,0,30.45,1,2.04,1.49
2026-05-08,[RE] [Compra] [Frio] [Validação] [Vídeos] - ABO,[RE] AD-V: 02,15.79,660,0,0,23.92,20,0.79,3.03
2026-05-08,[RE] [Compra] [Frio] [Validação] [Vídeos] - ABO,[RE] AD-V: 02,5.76,171,0,0,33.68,8,0.72,4.68
2026-05-08,[RE] [Compra] [Frio] [Validação] [Vídeos] - ABO,[RE] AD-V: 03,0.42,8,0,0,52.5,2,0.21,25.0
2026-05-08,[RE] [Compra] [Frio] [Validação] [Vídeos] - ABO,[RE] AD-V: 04,0.83,24,0,0,34.58,1,0.83,4.17
2026-05-08,[RE] [Compra] [Frio] [Validação] [Vídeos] - ABO,[RE] AD-V: 04,1.65,30,0,0,55.0,0,0,0.0
2026-05-08,[RE] [Compra] [Frio] [Validação] [Vídeos] - ABO,[RE] AD-V: 04,8.18,232,0,0,35.26,3,2.73,1.29
2026-05-08,[RE] [Compra] [Frio] [Validação] [Vídeos] - ABO,[RE] AD-V: 05,0.09,1,0,0,90.0,0,0,0.0
2026-05-08,[RE] [Compra] [Frio] [Validação] [Vídeos] - ABO,[RE] AD-V: 05,9.36,308,0,0,30.39,8,1.17,2.6
2026-05-08,[RE] [Compra] [Frio] [Validação] [Vídeos] - ABO,[RE] AD-V: 06,2.19,40,0,0,54.75,0,0,0.0
2026-05-08,[RE] [Compra] [Frio] [Validação] [Vídeos] - ABO,[RE] AD-V: 06,1.36,50,0,0,27.2,2,0.68,4.0
2026-05-08,[RE] [Compra] [Quente] [Validação] [Estáticos] - ABO,[RE] AD-E: 01,4.35,155,0,0,28.06,0,0,0.0
2026-05-08,[RE] [Compra] [Quente] [Validação] [Estáticos] - ABO,[RE] AD-E: 01,9.86,255,0,0,38.67,7,1.41,2.75
2026-05-08,[RE] [Compra] [Quente] [Validação] [Estáticos] - ABO,[RE] AD-E: 01,6.19,226,0,0,27.39,1,6.19,0.44
2026-05-08,[RE] [Compra] [Quente] [Validação] [Estáticos] - ABO,[RE] AD-E: 02,3.46,143,0,0,24.2,0,0,0.0
2026-05-08,[RE] [Compra] [Quente] [Validação] [Estáticos] - ABO,[RE] AD-E: 02,0.17,7,0,0,24.29,0,0,0.0
2026-05-08,[RE] [Compra] [Quente] [Validação] [Estáticos] - ABO,[RE] AD-E: 02,5.5,251,0,0,21.91,6,0.92,2.39
2026-05-08,[RE] [Compra] [Quente] [Validação] [Estáticos] - ABO,[RE] AD-E: 03,0.06,3,0,0,20.0,0,0,0.0
2026-05-08,[RE] [Compra] [Quente] [Validação] [Estáticos] - ABO,[RE] AD-E: 03,0.06,4,0,0,15.0,0,0,0.0
2026-05-08,[RE] [Compra] [Quente] [Validação] [Estáticos] - ABO,[RE] AD-E: 04,3.8,96,0,0,39.58,0,0,0.0
2026-05-08,[RE] [Compra] [Quente] [Validação] [Estáticos] - ABO,[RE] AD-E: 04,2.66,104,0,0,25.58,1,2.66,0.96
2026-05-08,[RE] [Compra] [Quente] [Validação] [Estáticos] - ABO,[RE] AD-E: 04,0.04,2,0,0,20.0,0,0,0.0
2026-05-08,[RE] [Compra] [Quente] [Validação] [Estáticos] - ABO,[RE] AD-V: 07,0.32,8,0,0,40.0,0,0,0.0
2026-05-08,[RE] [Compra] [Quente] [Validação] [Vídeos] - ABO,[RE] AD-V: 01,18.43,780,0,0,23.63,16,1.15,2.05
2026-05-08,[RE] [Compra] [Quente] [Validação] [Vídeos] - ABO,[RE] AD-V: 01,18.06,420,0,0,43.0,4,4.51,0.95
2026-05-08,[RE] [Compra] [Quente] [Validação] [Vídeos] - ABO,[RE] AD-V: 01,6.05,140,0,0,43.21,4,1.51,2.86
2026-05-08,[RE] [Compra] [Quente] [Validação] [Vídeos] - ABO,[RE] AD-V: 02,11.68,505,0,0,23.13,14,0.83,2.77
2026-05-08,[RE] [Compra] [Quente] [Validação] [Vídeos] - ABO,[RE] AD-V: 02,11.26,274,0,0,41.09,2,5.63,0.73
2026-05-08,[RE] [Compra] [Quente] [Validação] [Vídeos] - ABO,[RE] AD-V: 02,11.46,326,0,0,35.15,4,2.87,1.23
2026-05-08,[RE] [Compra] [Quente] [Validação] [Vídeos] - ABO,[RE] AD-V: 02 — Cópia,4.69,204,0,0,22.99,5,0.94,2.45
2026-05-08,[RE] [Compra] [Quente] [Validação] [Vídeos] - ABO,[RE] AD-V: 03,2.33,49,0,0,47.55,0,0,0.0
2026-05-08,[RE] [Compra] [Quente] [Validação] [Vídeos] - ABO,[RE] AD-V: 03,0.29,4,0,0,72.5,0,0,0.0
2026-05-08,[RE] [Compra] [Quente] [Validação] [Vídeos] - ABO,[RE] AD-V: 04,0.06,3,0,0,20.0,0,0,0.0
2026-05-08,[RE] [Compra] [Quente] [Validação] [Vídeos] - ABO,[RE] AD-V: 04,0.13,4,0,0,32.5,0,0,0.0
2026-05-08,[RE] [Compra] [Quente] [Validação] [Vídeos] - ABO,[RE] AD-V: 04,0.07,5,0,0,14.0,0,0,0.0
2026-05-08,[RE] [Compra] [Quente] [Validação] [Vídeos] - ABO,[RE] AD-V: 04,0.04,2,0,0,20.0,0,0,0.0
2026-05-08,[RE] [Compra] [Quente] [Validação] [Vídeos] - ABO,[RE] AD-V: 05,7.39,208,0,0,35.53,5,1.48,2.4
2026-05-08,[RE] [Compra] [Quente] [Validação] [Vídeos] - ABO,[RE] AD-V: 05,5.58,122,0,0,45.74,2,2.79,1.64
2026-05-08,[RE] [Compra] [Quente] [Validação] [Vídeos] - ABO,[RE] AD-V: 05,4.12,88,0,0,46.82,2,2.06,2.27
2026-05-08,[RE] [Compra] [Quente] [Validação] [Vídeos] - ABO,[RE] AD-V: 06,4.52,139,0,0,32.52,1,4.52,0.72
2026-05-08,[RE] [Compra] [Quente] [Validação] [Vídeos] - ABO,[RE] AD-V: 06,19.58,585,0,0,33.47,19,1.03,3.25
2026-05-08,[RE] [Compra] [Quente] [Validação] [Vídeos] - ABO,[RE] AD-V: 07,0.15,7,0,0,21.43,0,0,0.0
2026-05-08,[RE] [Compra] [Quente] [Validação] [Vídeos] - ABO,[RE] AD-V: 07,0.41,22,0,0,18.64,3,0.14,13.64
2026-05-09,[INSTA] [Seguidores] [Frio] - ABO,[INSTA] AD-V: Medo do Escuro,35.79,3220,0,0,11.11,46,0.78,1.43
2026-05-09,[PSI08] [Compra] [Frio] - ABO,[PSI] AD-E 03 — Cópia,0.41,6,0,0,68.33,0,0,0.0
2026-05-09,[PSI08] [Compra] [Frio] - ABO,[PSI] AD-E 06 — Cópia,2.53,87,0,0,29.08,1,2.53,1.15
2026-05-09,[PSI08] [Compra] [Frio] - ABO,[PSI] AD14_PSIVendas_Set,47.45,1552,0,0,30.57,13,3.65,0.84
2026-05-09,[PSI08] [Compra] [Quente] [Teste Criativos] [Estáticos] - ABO,[PSI] AD-E 03,8.13,452,0,0,17.99,2,4.07,0.44
2026-05-09,[PSI08] [Compra] [Quente] [Teste Criativos] [Estáticos] - ABO,[PSI] AD-E 06,6.11,251,0,0,24.34,2,3.06,0.8
2026-05-09,[PSI08] [Compra] [Quente] [Teste Criativos] [Estáticos] - ABO,[PSI] AD-V: Você já saiu,16.92,1027,0,0,16.48,11,1.54,1.07
2026-05-09,[RE] [Compra] [Frio] [Validação] [Vídeos] - ABO,[RE] AD-V: 01,18.62,623,0,0,29.89,9,2.07,1.44
2026-05-09,[RE] [Compra] [Frio] [Validação] [Vídeos] - ABO,[RE] AD-V: 01,0.3,10,0,0,30.0,0,0,0.0
2026-05-09,[RE] [Compra] [Frio] [Validação] [Vídeos] - ABO,[RE] AD-V: 02,0.26,2,0,0,130.0,0,0,0.0
2026-05-09,[RE] [Compra] [Frio] [Validação] [Vídeos] - ABO,[RE] AD-V: 02,17.1,588,0,0,29.08,16,1.07,2.72
2026-05-09,[RE] [Compra] [Frio] [Validação] [Vídeos] - ABO,[RE] AD-V: 03,6.39,284,0,0,22.5,3,2.13,1.06
2026-05-09,[RE] [Compra] [Frio] [Validação] [Vídeos] - ABO,[RE] AD-V: 03,13.04,481,0,0,27.11,13,1.0,2.7
2026-05-09,[RE] [Compra] [Frio] [Validação] [Vídeos] - ABO,[RE] AD-V: 03,0.03,1,0,0,30.0,0,0,0.0
2026-05-09,[RE] [Compra] [Frio] [Validação] [Vídeos] - ABO,[RE] AD-V: 04,0.09,1,0,0,90.0,0,0,0.0
2026-05-09,[RE] [Compra] [Frio] [Validação] [Vídeos] - ABO,[RE] AD-V: 05,8.2,215,0,0,38.14,2,4.1,0.93
2026-05-09,[RE] [Compra] [Frio] [Validação] [Vídeos] - ABO,[RE] AD-V: 05,5.3,168,0,0,31.55,5,1.06,2.98
2026-05-09,[RE] [Compra] [Frio] [Validação] [Vídeos] - ABO,[RE] AD-V: 05,0.12,5,0,0,24.0,0,0,0.0
2026-05-09,[RE] [Compra] [Frio] [Validação] [Vídeos] - ABO,[RE] AD-V: 06,0.03,2,0,0,15.0,0,0,0.0
2026-05-09,[RE] [Compra] [Frio] [Validação] [Vídeos] - ABO,[RE] AD-V: 06,0.26,9,0,0,28.89,1,0.26,11.11
2026-05-09,[RE] [Compra] [Frio] [Validação] [Vídeos] - ABO,[RE] AD-V: 06,0.09,2,0,0,45.0,0,0,0.0
2026-05-09,[RE] [Compra] [Frio] [Validação] [Vídeos] - ABO,[RE] AD-V: 07,15.64,601,0,0,26.02,13,1.2,2.16
2026-05-09,[RE] [Compra] [Frio] [Validação] [Vídeos] - ABO,[RE] AD-V: 07,15.83,316,0,0,50.09,4,3.96,1.27
2026-05-09,[RE] [Compra] [Quente] [Validação] [Vídeos] - ABO,[RE] AD-V: 01,24.95,1002,0,0,24.9,18,1.39,1.8
2026-05-09,[RE] [Compra] [Quente] [Validação] [Vídeos] - ABO,[RE] AD-V: 01,0.65,30,0,0,21.67,0,0,0.0
2026-05-09,[RE] [Compra] [Quente] [Validação] [Vídeos] - ABO,[RE] AD-V: 01,1.7,21,0,0,80.95,0,0,0.0
2026-05-09,[RE] [Compra] [Quente] [Validação] [Vídeos] - ABO,[RE] AD-V: 02,6.7,307,0,0,21.82,6,1.12,1.95
2026-05-09,[RE] [Compra] [Quente] [Validação] [Vídeos] - ABO,[RE] AD-V: 02,4.91,147,0,0,33.4,4,1.23,2.72
2026-05-09,[RE] [Compra] [Quente] [Validação] [Vídeos] - ABO,[RE] AD-V: 02,19.9,710,0,0,28.03,10,1.99,1.41
2026-05-09,[RE] [Compra] [Quente] [Validação] [Vídeos] - ABO,[RE] AD-V: 02 — Cópia,10.75,422,0,0,25.47,12,0.9,2.84
2026-05-09,[RE] [Compra] [Quente] [Validação] [Vídeos] - ABO,[RE] AD-V: 03,0.16,8,0,0,20.0,1,0.16,12.5
2026-05-09,[RE] [Compra] [Quente] [Validação] [Vídeos] - ABO,[RE] AD-V: 04,0.1,3,0,0,33.33,0,0,0.0
2026-05-09,[RE] [Compra] [Quente] [Validação] [Vídeos] - ABO,[RE] AD-V: 04,0.02,2,0,0,10.0,0,0,0.0
2026-05-09,[RE] [Compra] [Quente] [Validação] [Vídeos] - ABO,[RE] AD-V: 04,0.12,1,0,0,120.0,0,0,0.0
2026-05-09,[RE] [Compra] [Quente] [Validação] [Vídeos] - ABO,[RE] AD-V: 05,0.43,18,0,0,23.89,1,0.43,5.56
2026-05-09,[RE] [Compra] [Quente] [Validação] [Vídeos] - ABO,[RE] AD-V: 05,0.59,9,0,0,65.56,0,0,0.0
2026-05-09,[RE] [Compra] [Quente] [Validação] [Vídeos] - ABO,[RE] AD-V: 05,0.27,18,0,0,15.0,0,0,0.0
2026-05-09,[RE] [Compra] [Quente] [Validação] [Vídeos] - ABO,[RE] AD-V: 06,0.9,34,0,0,26.47,0,0,0.0
2026-05-09,[RE] [Compra] [Quente] [Validação] [Vídeos] - ABO,[RE] AD-V: 06,25.1,1143,0,0,21.96,18,1.39,1.57
2026-05-09,[RE] [Compra] [Quente] [Validação] [Vídeos] - ABO,[RE] AD-V: 07,0.6,17,0,0,35.29,0,0,0.0
2026-05-10,[INSTA] [Seguidores] [Frio] - ABO,[INSTA] AD-V: Medo do Escuro,46.84,3262,0,0,14.36,89,0.53,2.73
2026-05-10,[PSI08] [Compra] [Frio] - ABO,[PSI] AD14_PSIVendas_Set,14.04,294,0,0,47.76,4,3.51,1.36
2026-05-10,[PSI08] [Compra] [Quente] [Teste Criativos] [Estáticos] - ABO,[PSI] AD-V: Você já saiu,10.02,489,0,0,20.49,16,0.63,3.27
2026-05-10,[RE] [Compra] [Frio] [Validação] [Vídeos] - ABO,[RE] AD-V: 01,28.35,1047,0,0,27.08,19,1.49,1.81
2026-05-10,[RE] [Compra] [Frio] [Validação] [Vídeos] - ABO,[RE] AD-V: 01,25.05,786,0,0,31.87,12,2.09,1.53
2026-05-10,[RE] [Compra] [Frio] [Validação] [Vídeos] - ABO,[RE] AD-V: 01,0.01,3,0,0,3.33,0,0,0.0
2026-05-10,[RE] [Compra] [Frio] [Validação] [Vídeos] - ABO,[RE] AD-V: 02,34.02,1335,0,0,25.48,20,1.7,1.5
2026-05-10,[RE] [Compra] [Frio] [Validação] [Vídeos] - ABO,[RE] AD-V: 03,0.24,10,0,0,24.0,0,0,0.0
2026-05-10,[RE] [Compra] [Frio] [Validação] [Vídeos] - ABO,[RE] AD-V: 03,7.49,135,0,0,55.48,1,7.49,0.74
2026-05-10,[RE] [Compra] [Frio] [Validação] [Vídeos] - ABO,[RE] AD-V: 05,0.26,8,0,0,32.5,0,0,0.0
2026-05-10,[RE] [Compra] [Frio] [Validação] [Vídeos] - ABO,[RE] AD-V: 06,0.46,7,0,0,65.71,0,0,0.0
2026-05-10,[RE] [Compra] [Frio] [Validação] [Vídeos] - ABO,[RE] AD-V: 07,0.04,1,0,0,40.0,0,0,0.0
2026-05-10,[RE] [Compra] [Frio] [Validação] [Vídeos] - ABO,[RE] AD-V: 07,4.13,93,0,0,44.41,0,0,0.0
2026-05-10,[RE] [Compra] [Quente] [Validação] [Vídeos] - ABO,[RE] AD-V: 01,32.68,1198,0,0,27.28,12,2.72,1.0
2026-05-10,[RE] [Compra] [Quente] [Validação] [Vídeos] - ABO,[RE] AD-V: 01,26.56,744,0,0,35.7,17,1.56,2.28
2026-05-10,[RE] [Compra] [Quente] [Validação] [Vídeos] - ABO,[RE] AD-V: 02,3.4,125,0,0,27.2,1,3.4,0.8
2026-05-10,[RE] [Compra] [Quente] [Validação] [Vídeos] - ABO,[RE] AD-V: 02,9.45,191,0,0,49.48,2,4.72,1.05
2026-05-10,[RE] [Compra] [Quente] [Validação] [Vídeos] - ABO,[RE] AD-V: 04,0.01,1,0,0,10.0,0,0,0.0
2026-05-10,[RE] [Compra] [Quente] [Validação] [Vídeos] - ABO,[RE] AD-V: 04,0.0,2,0,0,0.0,0,0,0.0
2026-05-10,[RE] [Compra] [Quente] [Validação] [Vídeos] - ABO,[RE] AD-V: 05,0.26,15,0,0,17.33,1,0.26,6.67
2026-05-10,[RE] [Compra] [Quente] [Validação] [Vídeos] - ABO,[RE] AD-V: 06,51.01,2090,0,0,24.41,29,1.76,1.39
2026-05-11,[INSTA] [Seguidores] [Frio] - ABO,[INSTA] AD-V: Medo do Escuro,44.5,3772,0,0,11.8,78,0.57,2.07
2026-05-11,[RE] [Compra] [Frio] [Validação] [Estáticos] - ABO,[RE] AD-E: 01 — Cópia,0.08,3,0,0,26.67,1,0.08,33.33
2026-05-11,[RE] [Compra] [Frio] [Validação] [Estáticos] - ABO,[RE] AD-E: 02 — Cópia,7.4,310,0,0,23.87,15,0.49,4.84
2026-05-11,[RE] [Compra] [Frio] [Validação] [Estáticos] - ABO,[RE] AD-E: 03 — Cópia,11.05,560,0,0,19.73,11,1.0,1.96
2026-05-11,[RE] [Compra] [Frio] [Validação] [Estáticos] - ABO,[RE] AD-E: 03 — Cópia,3.87,203,0,0,19.06,7,0.55,3.45
2026-05-11,[RE] [Compra] [Frio] [Validação] [Vídeos] - ABO,[RE] AD-V: 01,29.82,1041,0,0,28.65,27,1.1,2.59
2026-05-11,[RE] [Compra] [Frio] [Validação] [Vídeos] - ABO,[RE] AD-V: 01,14.84,457,0,0,32.47,8,1.85,1.75
2026-05-11,[RE] [Compra] [Frio] [Validação] [Vídeos] - ABO,[RE] AD-V: 02,1.47,33,0,0,44.55,1,1.47,3.03
2026-05-11,[RE] [Compra] [Frio] [Validação] [Vídeos] - ABO,[RE] AD-V: 02,31.68,1331,0,0,23.8,33,0.96,2.48
2026-05-11,[RE] [Compra] [Frio] [Validação] [Vídeos] - ABO,[RE] AD-V: 07,1.08,33,0,0,32.73,1,1.08,3.03
2026-05-11,[RE] [Compra] [Quente] [Validação] [Vídeos] - ABO,[RE] AD-V: 01,37.04,1545,0,0,23.97,16,2.31,1.04
2026-05-11,[RE] [Compra] [Quente] [Validação] [Vídeos] - ABO,[RE] AD-V: 01,28.72,920,0,0,31.22,27,1.06,2.93
2026-05-11,[RE] [Compra] [Quente] [Validação] [Vídeos] - ABO,[RE] AD-V: 02,2.29,75,0,0,30.53,5,0.46,6.67
2026-05-11,[RE] [Compra] [Quente] [Validação] [Vídeos] - ABO,[RE] AD-V: 02,0.03,4,0,0,7.5,0,0,0.0
2026-05-11,[RE] [Compra] [Quente] [Validação] [Vídeos] - ABO,[RE] AD-V: 06,0.1,12,0,0,8.33,0,0,0.0
2026-05-11,[RE] [Compra] [Quente] [Validação] [Vídeos] - ABO,[RE] AD-V: 06,44.43,1894,0,0,23.46,29,1.53,1.53
2026-05-12,[INSTA] [Seguidores] [Frio] - ABO,[INSTA] AD-V: Medo do Escuro,41.34,3918,0,0,10.55,77,0.54,1.97
2026-05-12,[RE] [Compra] [Frio] [Validação] [Estáticos] - ABO,[RE] AD-E: 01 — Cópia,0.02,1,0,0,20.0,0,0,0.0
2026-05-12,[RE] [Compra] [Frio] [Validação] [Estáticos] - ABO,[RE] AD-E: 01 — Cópia,5.58,288,0,0,19.38,10,0.56,3.47
2026-05-12,[RE] [Compra] [Frio] [Validação] [Estáticos] - ABO,[RE] AD-E: 02 — Cópia,11.04,464,0,0,23.79,3,3.68,0.65
2026-05-12,[RE] [Compra] [Frio] [Validação] [Estáticos] - ABO,[RE] AD-E: 02 — Cópia,11.79,530,0,0,22.25,11,1.07,2.08
2026-05-12,[RE] [Compra] [Frio] [Validação] [Estáticos] - ABO,[RE] AD-E: 03,7.33,363,0,0,20.19,8,0.92,2.2
2026-05-12,[RE] [Compra] [Frio] [Validação] [Estáticos] - ABO,[RE] AD-E: 03 — Cópia,6.42,325,0,0,19.75,3,2.14,0.92
2026-05-12,[RE] [Compra] [Frio] [Validação] [Estáticos] - ABO,[RE] AD-E: 03 — Cópia,0.0,2,0,0,0.0,0,0,0.0
2026-05-12,[RE] [Compra] [Frio] [Validação] [Estáticos] - ABO,[RE] AD-E: 04,14.25,708,0,0,20.13,8,1.78,1.13
2026-05-12,[RE] [Compra] [Frio] [Validação] [Estáticos] - ABO,[RE] AD-E: 04 — Cópia,11.72,576,0,0,20.35,2,5.86,0.35
2026-05-12,[RE] [Compra] [Frio] [Validação] [Estáticos] - ABO,[RE] AD-E: 04 — Cópia,8.96,377,0,0,23.77,7,1.28,1.86
2026-05-12,[RE] [Compra] [Frio] [Validação] [Vídeos] - ABO,[RE] AD-V: 01,50.86,1176,0,0,43.25,16,3.18,1.36
2026-05-12,[RE] [Compra] [Frio] [Validação] [Vídeos] - ABO,[RE] AD-V: 02,2.1,88,0,0,23.86,0,0,0.0
2026-05-12,[RE] [Compra] [Frio] [Validação] [Vídeos] - ABO,[RE] AD-V: 02,14.04,310,0,0,45.29,11,1.28,3.55
2026-05-12,[RE] [Compra] [Frio] [Validação] [Vídeos] - ABO,[RE] AD-V: 07,22.88,561,0,0,40.78,6,3.81,1.07
2026-05-12,[RE] [Compra] [Quente] [Validação] [Vídeos] - ABO,[RE] AD-V: 01,42.69,1724,0,0,24.76,32,1.33,1.86
2026-05-12,[RE] [Compra] [Quente] [Validação] [Vídeos] - ABO,[RE] AD-V: 01,19.25,573,0,0,33.6,9,2.14,1.57
2026-05-12,[RE] [Compra] [Quente] [Validação] [Vídeos] - ABO,[RE] AD-V: 02,1.23,44,0,0,27.95,2,0.61,4.55
2026-05-12,[RE] [Compra] [Quente] [Validação] [Vídeos] - ABO,[RE] AD-V: 02,0.12,3,0,0,40.0,0,0,0.0
2026-05-12,[RE] [Compra] [Quente] [Validação] [Vídeos] - ABO,[RE] AD-V: 05,1.44,41,0,0,35.12,0,0,0.0
2026-05-12,[RE] [Compra] [Quente] [Validação] [Vídeos] - ABO,[RE] AD-V: 06,44.36,1684,0,0,26.34,31,1.43,1.84
2026-05-13,[INSTA] [Seguidores] [Frio] - ABO,[INSTA] AD-V: Medo do Escuro,39.01,3362,0,0,11.6,88,0.44,2.62
2026-05-13,[RE] [Compra] [Frio] [Validação] [Estáticos] - ABO,[RE] AD-E: 01,9.05,358,0,0,25.28,8,1.13,2.23
2026-05-13,[RE] [Compra] [Frio] [Validação] [Estáticos] - ABO,[RE] AD-E: 02,9.84,574,0,0,17.14,6,1.64,1.05
2026-05-13,[RE] [Compra] [Frio] [Validação] [Estáticos] - ABO,[RE] AD-E: 02 — Cópia,42.49,1792,0,0,23.71,20,2.12,1.12
2026-05-13,[RE] [Compra] [Frio] [Validação] [Estáticos] - ABO,[RE] AD-E: 02 — Cópia,43.17,1851,0,0,23.32,16,2.7,0.86
2026-05-13,[RE] [Compra] [Frio] [Validação] [Estáticos] - ABO,[RE] AD-E: 03,0.18,11,0,0,16.36,1,0.18,9.09
2026-05-13,[RE] [Compra] [Frio] [Validação] [Estáticos] - ABO,[RE] AD-E: 03 — Cópia,5.09,280,0,0,18.18,4,1.27,1.43
2026-05-13,[RE] [Compra] [Frio] [Validação] [Estáticos] - ABO,[RE] AD-E: 04,14.52,923,0,0,15.73,8,1.81,0.87
2026-05-13,[RE] [Compra] [Frio] [Validação] [Estáticos] - ABO,[RE] AD-E: 04 — Cópia,0.01,1,0,0,10.0,0,0,0.0
2026-05-13,[RE] [Compra] [Frio] [Validação] [Vídeos] - ABO,[RE] AD-V: 01,56.85,1926,0,0,29.52,43,1.32,2.23
2026-05-13,[RE] [Compra] [Frio] [Validação] [Vídeos] - ABO,[RE] AD-V: 02,3.33,107,0,0,31.12,2,1.67,1.87
2026-05-13,[RE] [Compra] [Frio] [Validação] [Vídeos] - ABO,[RE] AD-V: 07,49.97,1212,0,0,41.23,23,2.17,1.9
2026-05-13,[RE] [Compra] [Quente] [Validação] [Vídeos] - ABO,[RE] AD-V: 01,51.02,1761,0,0,28.97,19,2.69,1.08
2026-05-13,[RE] [Compra] [Quente] [Validação] [Vídeos] - ABO,[RE] AD-V: 01,25.14,581,0,0,43.27,19,1.32,3.27
2026-05-13,[RE] [Compra] [Quente] [Validação] [Vídeos] - ABO,[RE] AD-V: 02,1.14,48,0,0,23.75,0,0,0.0
2026-05-13,[RE] [Compra] [Quente] [Validação] [Vídeos] - ABO,[RE] AD-V: 02,0.02,2,0,0,10.0,0,0,0.0
2026-05-13,[RE] [Compra] [Quente] [Validação] [Vídeos] - ABO,[RE] AD-V: 05,0.36,8,0,0,45.0,0,0,0.0
2026-05-13,[RE] [Compra] [Quente] [Validação] [Vídeos] - ABO,[RE] AD-V: 06,0.21,1,0,0,210.0,0,0,0.0
2026-05-13,[RE] [Compra] [Quente] [Validação] [Vídeos] - ABO,[RE] AD-V: 06,43.86,1254,0,0,34.98,14,3.13,1.12
2026-05-14,[INSTA] [Seguidores] [Frio] - ABO,[INSTA] AD-V: Medo do Escuro,39.37,4438,0,0,8.87,75,0.52,1.69
2026-05-14,[RE] [Compra] [Frio] [Validação] [Estáticos] - ABO,[RE] AD-E: 01,11.64,618,0,0,18.83,13,0.9,2.1
2026-05-14,[RE] [Compra] [Frio] [Validação] [Estáticos] - ABO,[RE] AD-E: 02,2.09,59,0,0,35.42,0,0,0.0
2026-05-14,[RE] [Compra] [Frio] [Validação] [Estáticos] - ABO,[RE] AD-E: 02 — Cópia,63.59,2807,0,0,22.65,43,1.48,1.53
2026-05-14,[RE] [Compra] [Frio] [Validação] [Estáticos] - ABO,[RE] AD-E: 02 — Cópia,59.9,2545,0,0,23.54,40,1.5,1.57
2026-05-14,[RE] [Compra] [Frio] [Validação] [Estáticos] - ABO,[RE] AD-E: 03 — Cópia,1.01,28,0,0,36.07,0,0,0.0
2026-05-14,[RE] [Compra] [Frio] [Validação] [Estáticos] - ABO,[RE] AD-E: 04,27.41,885,0,0,30.97,9,3.05,1.02
2026-05-14,[RE] [Compra] [Frio] [Validação] [Estáticos] - ABO,[RE] AD-E: 04 — Cópia,0.0,1,0,0,0.0,0,0,0.0
2026-05-14,[RE] [Compra] [Frio] [Validação] [Vídeos] - ABO,[RE] AD-V: 01,76.38,2958,0,0,25.82,56,1.36,1.89
2026-05-14,[RE] [Compra] [Frio] [Validação] [Vídeos] - ABO,[RE] AD-V: 07,12.32,312,0,0,39.49,0,0,0.0
2026-05-14,[RE] [Compra] [Quente] [Validação] [Vídeos] - ABO,[RE] AD-V: 01,49.15,2066,0,0,23.79,35,1.4,1.69
2026-05-14,[RE] [Compra] [Quente] [Validação] [Vídeos] - ABO,[RE] AD-V: 01,39.04,1199,0,0,32.56,21,1.86,1.75
2026-05-14,[RE] [Compra] [Quente] [Validação] [Vídeos] - ABO,[RE] AD-V: 01,29.52,800,0,0,36.9,18,1.64,2.25
2026-05-14,[RE] [Compra] [Quente] [Validação] [Vídeos] - ABO,[RE] AD-V: 02,4.73,183,0,0,25.85,1,4.73,0.55
2026-05-14,[RE] [Compra] [Quente] [Validação] [Vídeos] - ABO,[RE] AD-V: 05,1.17,50,0,0,23.4,0,0,0.0
2026-05-14,[RE] [Compra] [Quente] [Validação] [Vídeos] - ABO,[RE] AD-V: 06,10.62,355,0,0,29.92,6,1.77,1.69
2026-05-15,[INSTA] [Seguidores] [Frio] - ABO,[INSTA] AD-V: Medo do Escuro,35.85,3201,0,0,11.2,67,0.54,2.09
2026-05-15,[RE] [Compra] [Frio] [Validação] [Estáticos] - ABO,[RE] AD-E: 01,19.01,1310,0,0,14.51,20,0.95,1.53
2026-05-15,[RE] [Compra] [Frio] [Validação] [Estáticos] - ABO,[RE] AD-E: 01 — Cópia,11.99,629,0,0,19.06,10,1.2,1.59
2026-05-15,[RE] [Compra] [Frio] [Validação] [Estáticos] - ABO,[RE] AD-E: 01 — Cópia,13.41,673,0,0,19.93,13,1.03,1.93
2026-05-15,[RE] [Compra] [Frio] [Validação] [Estáticos] - ABO,[RE] AD-E: 02 — Cópia,35.79,1738,0,0,20.59,16,2.24,0.92
2026-05-15,[RE] [Compra] [Frio] [Validação] [Estáticos] - ABO,[RE] AD-E: 02 — Cópia,45.16,2284,0,0,19.77,15,3.01,0.66
2026-05-15,[RE] [Compra] [Frio] [Validação] [Estáticos] - ABO,[RE] AD-E: 03,8.29,390,0,0,21.26,4,2.07,1.03
2026-05-15,[RE] [Compra] [Frio] [Validação] [Estáticos] - ABO,[RE] AD-E: 03 — Cópia,0.39,19,0,0,20.53,0,0,0.0
2026-05-15,[RE] [Compra] [Frio] [Validação] [Estáticos] - ABO,[RE] AD-E: 04,28.42,1172,0,0,24.25,16,1.78,1.37
2026-05-15,[RE] [Compra] [Frio] [Validação] [Estáticos] - ABO,[RE] AD-E: 04 — Cópia,0.07,2,0,0,35.0,0,0,0.0
2026-05-15,[RE] [Compra] [Frio] [Validação] [Estáticos] - ABO,[RE] AD-E: 04 — Cópia,1.32,48,0,0,27.5,0,0,0.0
2026-05-15,[RE] [Compra] [Frio] [Validação] [Vídeos] - ABO,[RE] AD-V: 01,58.33,2746,0,0,21.24,49,1.19,1.78
2026-05-15,[RE] [Compra] [Frio] [Validação] [Vídeos] - ABO,[RE] AD-V: 02,13.68,417,0,0,32.81,17,0.8,4.08
2026-05-15,[RE] [Compra] [Quente] [Validação] [Vídeos] - ABO,[RE] AD-V: 01,40.96,2017,0,0,20.31,40,1.02,1.98
2026-05-15,[RE] [Compra] [Quente] [Validação] [Vídeos] - ABO,[RE] AD-V: 01,7.8,238,0,0,32.77,2,3.9,0.84
2026-05-15,[RE] [Compra] [Quente] [Validação] [Vídeos] - ABO,[RE] AD-V: 01,11.33,262,0,0,43.24,7,1.62,2.67
2026-05-15,[RE] [Compra] [Quente] [Validação] [Vídeos] - ABO,[RE] AD-V: 02,30.54,1207,0,0,25.3,22,1.39,1.82
2026-05-15,[RE] [Compra] [Quente] [Validação] [Vídeos] - ABO,[RE] AD-V: 02,0.98,17,0,0,57.65,2,0.49,11.76
2026-05-15,[RE] [Compra] [Quente] [Validação] [Vídeos] - ABO,[RE] AD-V: 02,29.51,989,0,0,29.84,14,2.11,1.42
2026-05-15,[RE] [Compra] [Quente] [Validação] [Vídeos] - ABO,[RE] AD-V: 03,0.06,1,0,0,60.0,0,0,0.0
2026-05-15,[RE] [Compra] [Quente] [Validação] [Vídeos] - ABO,[RE] AD-V: 04,1.07,31,0,0,34.52,0,0,0.0
2026-05-15,[RE] [Compra] [Quente] [Validação] [Vídeos] - ABO,[RE] AD-V: 05,0.14,7,0,0,20.0,0,0,0.0
2026-05-15,[RE] [Compra] [Quente] [Validação] [Vídeos] - ABO,[RE] AD-V: 06,0.0,1,0,0,0.0,0,0,0.0
2026-05-15,[RE] [Compra] [Quente] [Validação] [Vídeos] - ABO,[RE] AD-V: 07,0.11,5,0,0,22.0,0,0,0.0
2026-05-15,[RE] [Compra] [Quente] [Validação] [Vídeos] - ABO,[RE] AD-V: 07,0.09,9,0,0,10.0,0,0,0.0
2026-05-16,[INSTA] [Seguidores] [Frio] - ABO,[INSTA] AD-V: Medo do Escuro,33.04,2738,0,0,12.07,48,0.69,1.75
2026-05-16,[RE] [Compra] [Frio] [Validação] [Estáticos] - ABO,[RE] AD-E: 01,6.81,380,0,0,17.92,5,1.36,1.32
2026-05-16,[RE] [Compra] [Frio] [Validação] [Estáticos] - ABO,[RE] AD-E: 01 — Cópia,0.88,67,0,0,13.13,2,0.44,2.99
2026-05-16,[RE] [Compra] [Frio] [Validação] [Estáticos] - ABO,[RE] AD-E: 02,7.47,320,0,0,23.34,4,1.87,1.25
2026-05-16,[RE] [Compra] [Frio] [Validação] [Estáticos] - ABO,[RE] AD-E: 02 — Cópia,55.17,2779,0,0,19.85,18,3.06,0.65
2026-05-16,[RE] [Compra] [Frio] [Validação] [Estáticos] - ABO,[RE] AD-E: 02 — Cópia,45.51,2654,0,0,17.15,23,1.98,0.87
2026-05-16,[RE] [Compra] [Frio] [Validação] [Estáticos] - ABO,[RE] AD-E: 03,1.44,29,0,0,49.66,1,1.44,3.45
2026-05-16,[RE] [Compra] [Frio] [Validação] [Estáticos] - ABO,[RE] AD-E: 03 — Cópia,11.72,425,0,0,27.58,7,1.67,1.65
2026-05-16,[RE] [Compra] [Frio] [Validação] [Estáticos] - ABO,[RE] AD-E: 04,27.44,1089,0,0,25.2,9,3.05,0.83
2026-05-16,[RE] [Compra] [Frio] [Validação] [Estáticos] - ABO,[RE] AD-E: 04 — Cópia,1.37,45,0,0,30.44,0,0,0.0
2026-05-16,[RE] [Compra] [Frio] [Validação] [Estáticos] - ABO,[RE] AD-E: 04 — Cópia,0.41,17,0,0,24.12,0,0,0.0
2026-05-16,[RE] [Compra] [Frio] [Validação] [Vídeos] - ABO,[RE] AD-V: 01,50.83,2279,0,0,22.3,37,1.37,1.62
2026-05-16,[RE] [Compra] [Frio] [Validação] [Vídeos] - ABO,[RE] AD-V: 02,0.05,4,0,0,12.5,0,0,0.0
2026-05-16,[RE] [Compra] [Quente] [Validação] [Vídeos] - ABO,[RE] AD-V: 01,34.31,1172,0,0,29.27,19,1.81,1.62
2026-05-16,[RE] [Compra] [Quente] [Validação] [Vídeos] - ABO,[RE] AD-V: 02,23.57,1141,0,0,20.66,20,1.18,1.75
2026-05-16,[RE] [Compra] [Quente] [Validação] [Vídeos] - ABO,[RE] AD-V: 02,0.04,2,0,0,20.0,0,0,0.0
2026-05-16,[RE] [Compra] [Quente] [Validação] [Vídeos] - ABO,[RE] AD-V: 02,25.88,880,0,0,29.41,5,5.18,0.57
2026-05-16,[RE] [Compra] [Quente] [Validação] [Vídeos] - ABO,[RE] AD-V: 04,0.15,3,0,0,50.0,0,0,0.0
2026-05-16,[RE] [Compra] [Quente] [Validação] [Vídeos] - ABO,[RE] AD-V: 06,0.0,1,0,0,0.0,0,0,0.0
2026-05-16,[RE] [Compra] [Quente] [Validação] [Vídeos] - ABO,[RE] AD-V: 07,2.92,81,0,0,36.05,2,1.46,2.47
2026-05-16,[RE] [Compra] [Quente] [Validação] [Vídeos] - ABO,[RE] AD-V: 07,0.38,19,0,0,20.0,0,0,0.0
2026-05-17,[INSTA] [Seguidores] [Frio] - ABO,[INSTA] AD-V: Medo do Escuro,48.39,3576,0,0,13.53,102,0.47,2.85
2026-05-17,[RE] [Compra] [Frio] [Validação] [Estáticos] - ABO,[RE] AD-E: 01,16.41,919,0,0,17.86,15,1.09,1.63
2026-05-17,[RE] [Compra] [Frio] [Validação] [Estáticos] - ABO,[RE] AD-E: 01 — Cópia,2.07,116,0,0,17.84,0,0,0.0
2026-05-17,[RE] [Compra] [Frio] [Validação] [Estáticos] - ABO,[RE] AD-E: 01 — Cópia,4.88,283,0,0,17.24,3,1.63,1.06
2026-05-17,[RE] [Compra] [Frio] [Validação] [Estáticos] - ABO,[RE] AD-E: 02,0.62,34,0,0,18.24,1,0.62,2.94
2026-05-17,[RE] [Compra] [Frio] [Validação] [Estáticos] - ABO,[RE] AD-E: 02 — Cópia,61.46,3122,0,0,19.69,38,1.62,1.22
2026-05-17,[RE] [Compra] [Frio] [Validação] [Estáticos] - ABO,[RE] AD-E: 02 — Cópia,59.79,3079,0,0,19.42,19,3.15,0.62
2026-05-17,[RE] [Compra] [Frio] [Validação] [Estáticos] - ABO,[RE] AD-E: 03,0.38,28,0,0,13.57,0,0,0.0
2026-05-17,[RE] [Compra] [Frio] [Validação] [Estáticos] - ABO,[RE] AD-E: 03 — Cópia,7.06,327,0,0,21.59,7,1.01,2.14
2026-05-17,[RE] [Compra] [Frio] [Validação] [Estáticos] - ABO,[RE] AD-E: 03 — Cópia,2.85,160,0,0,17.81,1,2.85,0.62
2026-05-17,[RE] [Compra] [Frio] [Validação] [Estáticos] - ABO,[RE] AD-E: 04,25.63,997,0,0,25.71,9,2.85,0.9
2026-05-17,[RE] [Compra] [Frio] [Validação] [Vídeos] - ABO,[RE] AD-V: 01,76.45,3310,0,0,23.1,62,1.23,1.87
2026-05-17,[RE] [Compra] [Frio] [Validação] [Vídeos] - ABO,[RE] AD-V: 02,0.15,16,0,0,9.38,0,0,0.0
2026-05-17,[RE] [Compra] [Quente] [Validação] [Vídeos] - ABO,[RE] AD-V: 01,43.68,1828,0,0,23.89,23,1.9,1.26
2026-05-17,[RE] [Compra] [Quente] [Validação] [Vídeos] - ABO,[RE] AD-V: 02,49.53,2497,0,0,19.84,55,0.9,2.2
2026-05-17,[RE] [Compra] [Quente] [Validação] [Vídeos] - ABO,[RE] AD-V: 02,1.34,33,0,0,40.61,0,0,0.0
2026-05-17,[RE] [Compra] [Quente] [Validação] [Vídeos] - ABO,[RE] AD-V: 02,34.37,1238,0,0,27.76,15,2.29,1.21
2026-05-17,[RE] [Compra] [Quente] [Validação] [Vídeos] - ABO,[RE] AD-V: 04,0.0,1,0,0,0.0,0,0,0.0
2026-05-17,[RE] [Compra] [Quente] [Validação] [Vídeos] - ABO,[RE] AD-V: 05,0.75,15,0,0,50.0,0,0,0.0
2026-05-17,[RE] [Compra] [Quente] [Validação] [Vídeos] - ABO,[RE] AD-V: 07,0.68,32,0,0,21.25,0,0,0.0
2026-05-17,[RE] [Compra] [Quente] [Validação] [Vídeos] - ABO,[RE] AD-V: 07,0.39,23,0,0,16.96,0,0,0.0
2026-05-18,[INSTA] [Seguidores] [Frio] - ABO,[INSTA] AD-V: Medo do Escuro,45.29,3691,0,0,12.27,76,0.6,2.06
2026-05-18,[RE] [Compra] [Frio] [Validação] [Estáticos] - ABO,[RE] AD-E: 01,47.9,3383,0,0,14.16,32,1.5,0.95
2026-05-18,[RE] [Compra] [Frio] [Validação] [Estáticos] - ABO,[RE] AD-E: 01 — Cópia,12.53,847,0,0,14.79,8,1.57,0.94
2026-05-18,[RE] [Compra] [Frio] [Validação] [Estáticos] - ABO,[RE] AD-E: 01 — Cópia,15.21,1344,0,0,11.32,19,0.8,1.41
2026-05-18,[RE] [Compra] [Frio] [Validação] [Estáticos] - ABO,[RE] AD-E: 02,0.37,13,0,0,28.46,0,0,0.0
2026-05-18,[RE] [Compra] [Frio] [Validação] [Estáticos] - ABO,[RE] AD-E: 02 — Cópia,43.73,2079,0,0,21.03,18,2.43,0.87
2026-05-18,[RE] [Compra] [Frio] [Validação] [Estáticos] - ABO,[RE] AD-E: 02 — Cópia,1.14,55,0,0,20.73,0,0,0.0
2026-05-18,[RE] [Compra] [Frio] [Validação] [Estáticos] - ABO,[RE] AD-E: 03,3.26,208,0,0,15.67,0,0,0.0
2026-05-18,[RE] [Compra] [Frio] [Validação] [Estáticos] - ABO,[RE] AD-E: 03 — Cópia,0.23,17,0,0,13.53,1,0.23,5.88
2026-05-18,[RE] [Compra] [Frio] [Validação] [Estáticos] - ABO,[RE] AD-E: 03 — Cópia,3.18,136,0,0,23.38,5,0.64,3.68
2026-05-18,[RE] [Compra] [Frio] [Validação] [Estáticos] - ABO,[RE] AD-E: 04,8.71,303,0,0,28.75,1,8.71,0.33
2026-05-18,[RE] [Compra] [Frio] [Validação] [Estáticos] - ABO,[RE] AD-E: 04 — Cópia,36.98,1306,0,0,28.32,9,4.11,0.69
2026-05-18,[RE] [Compra] [Frio] [Validação] [Estáticos] - ABO,[RE] AD-E: 04 — Cópia,3.54,134,0,0,26.42,0,0,0.0
2026-05-18,[RE] [Compra] [Frio] [Validação] [Vídeos] - ABO,[RE] AD-V: 01,69.81,2953,0,0,23.64,53,1.32,1.79
2026-05-18,[RE] [Compra] [Frio] [Validação] [Vídeos] - ABO,[RE] AD-V: 02,4.21,153,0,0,27.52,4,1.05,2.61
2026-05-18,[RE] [Compra] [Quente] [Validação] [Vídeos] - ABO,[RE] AD-V: 01,12.66,403,0,0,31.41,1,12.66,0.25
2026-05-18,[RE] [Compra] [Quente] [Validação] [Vídeos] - ABO,[RE] AD-V: 02,61.92,3119,0,0,19.85,89,0.7,2.85
2026-05-18,[RE] [Compra] [Quente] [Validação] [Vídeos] - ABO,[RE] AD-V: 02,17.83,886,0,0,20.12,20,0.89,2.26
2026-05-18,[RE] [Compra] [Quente] [Validação] [Vídeos] - ABO,[RE] AD-V: 02,12.74,366,0,0,34.81,7,1.82,1.91
2026-05-18,[RE] [Compra] [Quente] [Validação] [Vídeos] - ABO,[RE] AD-V: 04,0.01,1,0,0,10.0,0,0,0.0
2026-05-18,[RE] [Compra] [Quente] [Validação] [Vídeos] - ABO,[RE] AD-V: 05,0.04,3,0,0,13.33,0,0,0.0
2026-05-18,[RE] [Compra] [Quente] [Validação] [Vídeos] - ABO,[RE] AD-V: 07,10.91,376,0,0,29.02,0,0,0.0
2026-05-19,[INSTA] [Seguidores] [Frio] - ABO,[INSTA] AD-V: Medo do Escuro,39.53,2884,0,0,13.71,59,0.67,2.05
2026-05-19,[RE] [Compra] [Frio] [Validação] [Estáticos] - ABO,[RE] AD-E: 01,58.33,3829,0,0,15.23,37,1.58,0.97
2026-05-19,[RE] [Compra] [Frio] [Validação] [Estáticos] - ABO,[RE] AD-E: 01 — Cópia,0.01,1,0,0,10.0,0,0,0.0
2026-05-19,[RE] [Compra] [Frio] [Validação] [Estáticos] - ABO,[RE] AD-E: 01 — Cópia,0.94,44,0,0,21.36,0,0,0.0
2026-05-19,[RE] [Compra] [Frio] [Validação] [Estáticos] - ABO,[RE] AD-E: 02,1.1,69,0,0,15.94,0,0,0.0
2026-05-19,[RE] [Compra] [Frio] [Validação] [Estáticos] - ABO,[RE] AD-E: 02 — Cópia,67.63,3401,0,0,19.89,25,2.71,0.74
2026-05-19,[RE] [Compra] [Frio] [Validação] [Estáticos] - ABO,[RE] AD-E: 03 — Cópia,14.08,981,0,0,14.35,7,2.01,0.71
2026-05-19,[RE] [Compra] [Frio] [Validação] [Estáticos] - ABO,[RE] AD-E: 03 — Cópia,1.44,74,0,0,19.46,2,0.72,2.7
2026-05-19,[RE] [Compra] [Frio] [Validação] [Estáticos] - ABO,[RE] AD-E: 04 — Cópia,37.85,1168,0,0,32.41,8,4.73,0.68
2026-05-19,[RE] [Compra] [Frio] [Validação] [Vídeos] - ABO,[RE] AD-V: 01,75.94,3321,0,0,22.87,40,1.9,1.2
2026-05-19,[RE] [Compra] [Quente] [Validação] [Vídeos] - ABO,[RE] AD-V: 02,61.2,3539,0,0,17.29,84,0.73,2.37
2026-05-19,[RE] [Compra] [Quente] [Validação] [Vídeos] - ABO,[RE] AD-V: 02,29.13,1743,0,0,16.71,34,0.86,1.95
2026-05-19,[RE] [Compra] [Quente] [Validação] [Vídeos] - ABO,[RE] AD-V: 04,1.46,13,0,0,112.31,0,0,0.0
2026-05-19,[RE] [Compra] [Quente] [Validação] [Vídeos] - ABO,[RE] AD-V: 05,0.03,3,0,0,10.0,0,0,0.0
2026-05-19,[RE] [Compra] [Quente] [Validação] [Vídeos] - ABO,[RE] AD-V: 07,0.01,1,0,0,10.0,0,0,0.0
2026-05-19,[RE] [Compra] [Quente] [Validação] [Vídeos] - ABO,[RE] AD-V: 07,17.0,506,0,0,33.6,3,5.67,0.59
2026-05-20,[INSTA] [Seguidores] [Frio] - ABO,[INSTA] AD-V: Medo do Escuro,39.21,2897,0,0,13.53,79,0.5,2.73
2026-05-20,[RE] [Compra] [Frio] [Validação] [Estáticos] - ABO,[RE] AD-E: 01,57.61,4178,0,0,13.79,38,1.52,0.91
2026-05-20,[RE] [Compra] [Frio] [Validação] [Estáticos] - ABO,[RE] AD-E: 01 — Cópia,13.1,956,0,0,13.7,7,1.87,0.73
2026-05-20,[RE] [Compra] [Frio] [Validação] [Estáticos] - ABO,[RE] AD-E: 01 — Cópia,26.91,1249,0,0,21.55,14,1.92,1.12
2026-05-20,[RE] [Compra] [Frio] [Validação] [Estáticos] - ABO,[RE] AD-E: 02 — Cópia,48.29,2554,0,0,18.91,25,1.93,0.98
2026-05-20,[RE] [Compra] [Frio] [Validação] [Estáticos] - ABO,[RE] AD-E: 03,0.9,48,0,0,18.75,1,0.9,2.08
2026-05-20,[RE] [Compra] [Frio] [Validação] [Estáticos] - ABO,[RE] AD-E: 03 — Cópia,4.47,265,0,0,16.87,4,1.12,1.51
2026-05-20,[RE] [Compra] [Frio] [Validação] [Estáticos] - ABO,[RE] AD-E: 04 — Cópia,29.99,1226,0,0,24.46,18,1.67,1.47
2026-05-20,[RE] [Compra] [Frio] [Validação] [Estáticos] - ABO,[RE] AD-E: 04 — Cópia,0.99,18,0,0,55.0,0,0,0.0
2026-05-20,[RE] [Compra] [Frio] [Validação] [Vídeos] - ABO,[RE] AD-V: 01,59.84,3101,0,0,19.3,46,1.3,1.48
2026-05-20,[RE] [Compra] [Frio] [Validação] [Vídeos] - ABO,[RE] AD-V: 02,12.09,427,0,0,28.31,15,0.81,3.51
2026-05-20,[RE] [Compra] [Quente] [Validação] [Vídeos] - ABO,[RE] AD-V: 02,60.96,4037,0,0,15.1,87,0.7,2.16
2026-05-20,[RE] [Compra] [Quente] [Validação] [Vídeos] - ABO,[RE] AD-V: 02,29.39,2275,0,0,12.92,54,0.54,2.37
2026-05-20,[RE] [Compra] [Quente] [Validação] [Vídeos] - ABO,[RE] AD-V: 03,0.02,1,0,0,20.0,0,0,0.0
2026-05-20,[RE] [Compra] [Quente] [Validação] [Vídeos] - ABO,[RE] AD-V: 04,0.0,1,0,0,0.0,0,0,0.0
2026-05-20,[RE] [Compra] [Quente] [Validação] [Vídeos] - ABO,[RE] AD-V: 05,0.14,2,0,0,70.0,0,0,0.0
2026-05-20,[RE] [Compra] [Quente] [Validação] [Vídeos] - ABO,[RE] AD-V: 06,0.0,1,0,0,0.0,0,0,0.0
2026-05-20,[RE] [Compra] [Quente] [Validação] [Vídeos] - ABO,[RE] AD-V: 07,0.01,1,0,0,10.0,0,0,0.0
2026-05-20,[RE] [Compra] [Quente] [Validação] [Vídeos] - ABO,[RE] AD-V: 07,20.45,684,0,0,29.9,6,3.41,0.88
2026-05-21,[INSTA] [Seguidores] [Frio] - ABO,[INSTA] AD-V: Medo do Escuro,36.61,3027,0,0,12.09,70,0.52,2.31
2026-05-21,[RE] [Compra] [Frio] [Validação] [Estáticos] - ABO,[RE] AD-E: 01,58.55,3796,0,0,15.42,54,1.08,1.42
2026-05-21,[RE] [Compra] [Frio] [Validação] [Estáticos] - ABO,[RE] AD-E: 02,0.35,20,0,0,17.5,1,0.35,5.0
2026-05-21,[RE] [Compra] [Frio] [Validação] [Estáticos] - ABO,[RE] AD-E: 02 — Cópia,56.19,2916,0,0,19.27,23,2.44,0.79
2026-05-21,[RE] [Compra] [Frio] [Validação] [Estáticos] - ABO,[RE] AD-E: 03 — Cópia,16.75,651,0,0,25.73,3,5.58,0.46
2026-05-21,[RE] [Compra] [Frio] [Validação] [Estáticos] - ABO,[RE] AD-E: 04 — Cópia,43.55,1586,0,0,27.46,16,2.72,1.01
2026-05-21,[RE] [Compra] [Frio] [Validação] [Estáticos] - ABO,[RE] AD-E: 04 — Cópia,5.33,154,0,0,34.61,4,1.33,2.6
2026-05-21,[RE] [Compra] [Frio] [Validação] [Vídeos] - ABO,[RE] AD-V: 01,68.75,3029,0,0,22.7,72,0.95,2.38
2026-05-21,[RE] [Compra] [Quente] [Validação] [Vídeos] - ABO,[RE] AD-V: 02,60.55,3775,0,0,16.04,70,0.86,1.85
2026-05-21,[RE] [Compra] [Quente] [Validação] [Vídeos] - ABO,[RE] AD-V: 02,29.53,1909,0,0,15.47,34,0.87,1.78
2026-05-21,[RE] [Compra] [Quente] [Validação] [Vídeos] - ABO,[RE] AD-V: 04,0.0,1,0,0,0.0,0,0,0.0
2026-05-21,[RE] [Compra] [Quente] [Validação] [Vídeos] - ABO,[RE] AD-V: 04,0.05,3,0,0,16.67,0,0,0.0
2026-05-21,[RE] [Compra] [Quente] [Validação] [Vídeos] - ABO,[RE] AD-V: 06,0.02,3,0,0,6.67,0,0,0.0
2026-05-21,[RE] [Compra] [Quente] [Validação] [Vídeos] - ABO,[RE] AD-V: 07,0.37,8,0,0,46.25,0,0,0.0
2026-05-21,[RE] [Compra] [Quente] [Validação] [Vídeos] - ABO,[RE] AD-V: 07,21.01,852,0,0,24.66,10,2.1,1.17
2026-05-22,[INSTA] [Seguidores] [Frio] - ABO,[INSTA] AD-V: Medo do Escuro,36.59,2773,0,0,13.2,47,0.78,1.69
2026-05-22,[RE] [Compra] [Frio] [Validação] [Estáticos] - ABO,[RE] AD-E: 01,53.91,3544,0,0,15.21,43,1.25,1.21
2026-05-22,[RE] [Compra] [Frio] [Validação] [Estáticos] - ABO,[RE] AD-E: 01 — Cópia,0.03,2,0,0,15.0,0,0,0.0
2026-05-22,[RE] [Compra] [Frio] [Validação] [Estáticos] - ABO,[RE] AD-E: 01 — Cópia,0.88,30,0,0,29.33,1,0.88,3.33
2026-05-22,[RE] [Compra] [Frio] [Validação] [Estáticos] - ABO,[RE] AD-E: 02,0.15,3,0,0,50.0,0,0,0.0
2026-05-22,[RE] [Compra] [Frio] [Validação] [Estáticos] - ABO,[RE] AD-E: 02 — Cópia,47.36,2232,0,0,21.22,15,3.16,0.67
2026-05-22,[RE] [Compra] [Frio] [Validação] [Estáticos] - ABO,[RE] AD-E: 03 — Cópia,9.16,481,0,0,19.04,0,0,0.0
2026-05-22,[RE] [Compra] [Frio] [Validação] [Estáticos] - ABO,[RE] AD-E: 03 — Cópia,0.15,10,0,0,15.0,0,0,0.0
2026-05-22,[RE] [Compra] [Frio] [Validação] [Estáticos] - ABO,[RE] AD-E: 04 — Cópia,56.06,2242,0,0,25.0,25,2.24,1.12
2026-05-22,[RE] [Compra] [Frio] [Validação] [Estáticos] - ABO,[RE] AD-E: 04 — Cópia,0.47,4,0,0,117.5,0,0,0.0
2026-05-22,[RE] [Compra] [Frio] [Validação] [Vídeos] - ABO,[RE] AD-V: 01,58.57,2398,0,0,24.42,39,1.5,1.63
2026-05-22,[RE] [Compra] [Quente] [Validação] [Vídeos] - ABO,[RE] AD-V: 02,55.15,3071,0,0,17.96,71,0.78,2.31
2026-05-22,[RE] [Compra] [Quente] [Validação] [Vídeos] - ABO,[RE] AD-V: 02,22.49,1368,0,0,16.44,18,1.25,1.32
2026-05-22,[RE] [Compra] [Quente] [Validação] [Vídeos] - ABO,[RE] AD-V: 04,0.48,30,0,0,16.0,0,0,0.0
2026-05-22,[RE] [Compra] [Quente] [Validação] [Vídeos] - ABO,[RE] AD-V: 05,2.19,27,0,0,81.11,4,0.55,14.81
2026-05-22,[RE] [Compra] [Quente] [Validação] [Vídeos] - ABO,[RE] AD-V: 07,19.93,733,0,0,27.19,12,1.66,1.64
2026-05-23,[INSTA] [Seguidores] [Frio] - ABO,[INSTA] AD-V: Medo do Escuro,34.35,2222,0,0,15.46,46,0.75,2.07
2026-05-23,[RE] [Compra] [Frio] [Validação] [Estáticos] - ABO,[RE] AD-E: 01,49.14,2745,0,0,17.9,24,2.05,0.87
2026-05-23,[RE] [Compra] [Frio] [Validação] [Estáticos] - ABO,[RE] AD-E: 01 — Cópia,4.5,269,0,0,16.73,2,2.25,0.74
2026-05-23,[RE] [Compra] [Frio] [Validação] [Estáticos] - ABO,[RE] AD-E: 01 — Cópia,6.75,466,0,0,14.48,4,1.69,0.86
2026-05-23,[RE] [Compra] [Frio] [Validação] [Estáticos] - ABO,[RE] AD-E: 02,0.04,5,0,0,8.0,1,0.04,20.0
2026-05-23,[RE] [Compra] [Frio] [Validação] [Estáticos] - ABO,[RE] AD-E: 02 — Cópia,37.48,1924,0,0,19.48,18,2.08,0.94
2026-05-23,[RE] [Compra] [Frio] [Validação] [Estáticos] - ABO,[RE] AD-E: 03,1.8,69,0,0,26.09,2,0.9,2.9
2026-05-23,[RE] [Compra] [Frio] [Validação] [Estáticos] - ABO,[RE] AD-E: 03 — Cópia,1.07,53,0,0,20.19,0,0,0.0
2026-05-23,[RE] [Compra] [Frio] [Validação] [Estáticos] - ABO,[RE] AD-E: 03 — Cópia,1.84,116,0,0,15.86,2,0.92,1.72
2026-05-23,[RE] [Compra] [Frio] [Validação] [Estáticos] - ABO,[RE] AD-E: 04 — Cópia,45.77,1940,0,0,23.59,7,6.54,0.36
2026-05-23,[RE] [Compra] [Frio] [Validação] [Estáticos] - ABO,[RE] AD-E: 04 — Cópia,3.2,127,0,0,25.2,0,0,0.0
2026-05-23,[RE] [Compra] [Frio] [Validação] [Vídeos] - ABO,[RE] AD-V: 01,54.33,2385,0,0,22.78,31,1.75,1.3
2026-05-23,[RE] [Compra] [Frio] [Validação] [Vídeos] - ABO,[RE] AD-V: 02,1.93,127,0,0,15.2,2,0.96,1.57
2026-05-23,[RE] [Compra] [Quente] [Validação] [Vídeos] - ABO,[RE] AD-V: 02,31.83,1791,0,0,17.77,40,0.8,2.23
2026-05-23,[RE] [Compra] [Quente] [Validação] [Vídeos] - ABO,[RE] AD-V: 02,17.32,1025,0,0,16.9,21,0.82,2.05
2026-05-23,[RE] [Compra] [Quente] [Validação] [Vídeos] - ABO,[RE] AD-V: 06,0.02,3,0,0,6.67,0,0,0.0
2026-05-23,[RE] [Compra] [Quente] [Validação] [Vídeos] - ABO,[RE] AD-V: 07,16.64,550,0,0,30.25,5,3.33,0.91
2026-05-24,[INSTA] [Seguidores] [Frio] - ABO,[INSTA] AD-V: Medo do Escuro,45.1,3121,0,0,14.45,73,0.62,2.34
2026-05-24,[RE] [Compra] [Frio] [Validação] [Estáticos] - ABO,[RE] AD-E: 01,60.81,3295,0,0,18.46,40,1.52,1.21
2026-05-24,[RE] [Compra] [Frio] [Validação] [Estáticos] - ABO,[RE] AD-E: 02,0.02,2,0,0,10.0,0,0,0.0
2026-05-24,[RE] [Compra] [Frio] [Validação] [Estáticos] - ABO,[RE] AD-E: 02 — Cópia,56.79,2432,0,0,23.35,20,2.84,0.82
2026-05-24,[RE] [Compra] [Frio] [Validação] [Estáticos] - ABO,[RE] AD-E: 03 — Cópia,4.58,270,0,0,16.96,3,1.53,1.11
2026-05-24,[RE] [Compra] [Frio] [Validação] [Estáticos] - ABO,[RE] AD-E: 03 — Cópia,8.23,453,0,0,18.17,2,4.12,0.44
2026-05-24,[RE] [Compra] [Frio] [Validação] [Estáticos] - ABO,[RE] AD-E: 04 — Cópia,48.43,1688,0,0,28.69,18,2.69,1.07
2026-05-24,[RE] [Compra] [Frio] [Validação] [Vídeos] - ABO,[RE] AD-V: 01,73.98,3174,0,0,23.31,73,1.01,2.3
2026-05-24,[RE] [Compra] [Quente] [Validação] [Vídeos] - ABO,[RE] AD-V: 02,58.28,3076,0,0,18.95,73,0.8,2.37
2026-05-24,[RE] [Compra] [Quente] [Validação] [Vídeos] - ABO,[RE] AD-V: 02,26.69,1763,0,0,15.14,34,0.79,1.93
2026-05-24,[RE] [Compra] [Quente] [Validação] [Vídeos] - ABO,[RE] AD-V: 03,0.0,1,0,0,0.0,0,0,0.0
2026-05-24,[RE] [Compra] [Quente] [Validação] [Vídeos] - ABO,[RE] AD-V: 04,1.02,23,0,0,44.35,0,0,0.0
2026-05-24,[RE] [Compra] [Quente] [Validação] [Vídeos] - ABO,[RE] AD-V: 05,0.4,12,0,0,33.33,0,0,0.0
2026-05-24,[RE] [Compra] [Quente] [Validação] [Vídeos] - ABO,[RE] AD-V: 07,6.43,195,0,0,32.97,1,6.43,0.51
2026-05-24,[RE] [Compra] [Quente] [Validação] [Vídeos] - ABO,[RE] AD-V: 07,21.55,473,0,0,45.56,2,10.78,0.42
2026-05-25,[INSTA] [Seguidores] [Frio] - ABO,[INSTA] AD-V: Medo do Escuro,39.24,3727,0,0,10.53,63,0.62,1.69
2026-05-25,[RE] [Compra] [Frio] [Validação] [Estáticos] - ABO,[RE] AD-E: 01,78.95,4275,0,0,18.47,38,2.08,0.89
2026-05-25,[RE] [Compra] [Frio] [Validação] [Estáticos] - ABO,[RE] AD-E: 01 — Cópia,12.25,615,0,0,19.92,9,1.36,1.46
2026-05-25,[RE] [Compra] [Frio] [Validação] [Estáticos] - ABO,[RE] AD-E: 01 — Cópia,18.4,736,0,0,25.0,6,3.07,0.82
2026-05-25,[RE] [Compra] [Frio] [Validação] [Estáticos] - ABO,[RE] AD-E: 02 — Cópia,41.58,1748,0,0,23.79,13,3.2,0.74
2026-05-25,[RE] [Compra] [Frio] [Validação] [Estáticos] - ABO,[RE] AD-E: 03,1.61,52,0,0,30.96,0,0,0.0
2026-05-25,[RE] [Compra] [Frio] [Validação] [Estáticos] - ABO,[RE] AD-E: 03 — Cópia,6.89,308,0,0,22.37,8,0.86,2.6
2026-05-25,[RE] [Compra] [Frio] [Validação] [Estáticos] - ABO,[RE] AD-E: 03 — Cópia,0.54,21,0,0,25.71,1,0.54,4.76
2026-05-25,[RE] [Compra] [Frio] [Validação] [Estáticos] - ABO,[RE] AD-E: 04 — Cópia,46.74,1860,0,0,25.13,14,3.34,0.75
2026-05-25,[RE] [Compra] [Frio] [Validação] [Estáticos] - ABO,[RE] AD-E: 04 — Cópia,1.74,46,0,0,37.83,1,1.74,2.17
2026-05-25,[RE] [Compra] [Frio] [Validação] [Vídeos] - ABO,[RE] AD-V: 01,74.85,3584,0,0,20.88,59,1.27,1.65
2026-05-25,[RE] [Compra] [Frio] [Validação] [Vídeos] - ABO,[RE] AD-V: 02,6.41,269,0,0,23.83,4,1.6,1.49
2026-05-25,[RE] [Compra] [Quente] [Validação] [Vídeos] - ABO,[RE] AD-V: 02,60.93,3306,0,0,18.43,80,0.76,2.42
2026-05-25,[RE] [Compra] [Quente] [Validação] [Vídeos] - ABO,[RE] AD-V: 02,24.57,1524,0,0,16.12,21,1.17,1.38
2026-05-25,[RE] [Compra] [Quente] [Validação] [Vídeos] - ABO,[RE] AD-V: 04,0.0,1,0,0,0.0,0,0,0.0
2026-05-25,[RE] [Compra] [Quente] [Validação] [Vídeos] - ABO,[RE] AD-V: 04,0.07,5,0,0,14.0,0,0,0.0
2026-05-25,[RE] [Compra] [Quente] [Validação] [Vídeos] - ABO,[RE] AD-V: 05,0.05,4,0,0,12.5,0,0,0.0
2026-05-25,[RE] [Compra] [Quente] [Validação] [Vídeos] - ABO,[RE] AD-V: 07,0.64,11,0,0,58.18,0,0,0.0
2026-05-25,[RE] [Compra] [Quente] [Validação] [Vídeos] - ABO,[RE] AD-V: 07,21.81,666,0,0,32.75,9,2.42,1.35
2026-05-26,[INSTA] [Seguidores] [Frio] - ABO,[INSTA] AD-V: Medo do Escuro,43.22,3413,0,0,12.66,63,0.69,1.85
2026-05-26,[RE] [Compra] [Frio] [Validação] [Estáticos] - ABO,[RE] AD-E: 01,92.17,5629,0,0,16.37,53,1.74,0.94
2026-05-26,[RE] [Compra] [Frio] [Validação] [Estáticos] - ABO,[RE] AD-E: 01 — Cópia,1.74,48,0,0,36.25,1,1.74,2.08
2026-05-26,[RE] [Compra] [Frio] [Validação] [Estáticos] - ABO,[RE] AD-E: 01 — Cópia,3.24,114,0,0,28.42,1,3.24,0.88
2026-05-26,[RE] [Compra] [Frio] [Validação] [Estáticos] - ABO,[RE] AD-E: 02,0.11,8,0,0,13.75,0,0,0.0
2026-05-26,[RE] [Compra] [Frio] [Validação] [Estáticos] - ABO,[RE] AD-E: 02 — Cópia,63.66,2888,0,0,22.04,30,2.12,1.04
2026-05-26,[RE] [Compra] [Frio] [Validação] [Estáticos] - ABO,[RE] AD-E: 03,0.54,27,0,0,20.0,0,0,0.0
2026-05-26,[RE] [Compra] [Frio] [Validação] [Estáticos] - ABO,[RE] AD-E: 03 — Cópia,21.53,972,0,0,22.15,7,3.08,0.72
2026-05-26,[RE] [Compra] [Frio] [Validação] [Estáticos] - ABO,[RE] AD-E: 04 — Cópia,35.56,1331,0,0,26.72,15,2.37,1.13
2026-05-26,[RE] [Compra] [Frio] [Validação] [Estáticos] - ABO,[RE] AD-E: 04 — Cópia,1.65,78,0,0,21.15,0,0,0.0
2026-05-26,[RE] [Compra] [Frio] [Validação] [Vídeos] - ABO,[RE] AD-V: 01,91.98,3926,0,0,23.43,58,1.59,1.48
2026-05-26,[RE] [Compra] [Frio] [Validação] [Vídeos] - ABO,[RE] AD-V: 02,1.71,111,0,0,15.41,3,0.57,2.7
2026-05-26,[RE] [Compra] [Quente] [Validação] [Vídeos] - ABO,[RE] AD-V: 02,59.71,3301,0,0,18.09,81,0.74,2.45
2026-05-26,[RE] [Compra] [Quente] [Validação] [Vídeos] - ABO,[RE] AD-V: 02,21.31,1341,0,0,15.89,16,1.33,1.19
2026-05-26,[RE] [Compra] [Quente] [Validação] [Vídeos] - ABO,[RE] AD-V: 04,0.06,2,0,0,30.0,0,0,0.0
2026-05-26,[RE] [Compra] [Quente] [Validação] [Vídeos] - ABO,[RE] AD-V: 04,0.18,7,0,0,25.71,0,0,0.0
2026-05-26,[RE] [Compra] [Quente] [Validação] [Vídeos] - ABO,[RE] AD-V: 06,0.02,2,0,0,10.0,0,0,0.0
2026-05-26,[RE] [Compra] [Quente] [Validação] [Vídeos] - ABO,[RE] AD-V: 07,0.09,4,0,0,22.5,0,0,0.0
2026-05-26,[RE] [Compra] [Quente] [Validação] [Vídeos] - ABO,[RE] AD-V: 07,20.71,501,0,0,41.34,4,5.18,0.8
2026-05-27,[INSTA] [Seguidores] [Frio] - ABO,[INSTA] AD-V: Medo do Escuro,39.5,2871,0,0,13.76,66,0.6,2.3
2026-05-27,[RE] [Compra] [Frio] [Validação] [Estáticos] - ABO,[RE] AD-E: 01,92.15,5402,0,0,17.06,57,1.62,1.06
2026-05-27,[RE] [Compra] [Frio] [Validação] [Estáticos] - ABO,[RE] AD-E: 01 — Cópia,12.19,455,0,0,26.79,11,1.11,2.42
2026-05-27,[RE] [Compra] [Frio] [Validação] [Estáticos] - ABO,[RE] AD-E: 01 — Cópia,0.34,13,0,0,26.15,0,0,0.0
2026-05-27,[RE] [Compra] [Frio] [Validação] [Estáticos] - ABO,[RE] AD-E: 02 — Cópia,53.58,2104,0,0,25.47,19,2.82,0.9
2026-05-27,[RE] [Compra] [Frio] [Validação] [Estáticos] - ABO,[RE] AD-E: 03,0.77,27,0,0,28.52,0,0,0.0
2026-05-27,[RE] [Compra] [Frio] [Validação] [Estáticos] - ABO,[RE] AD-E: 03 — Cópia,6.2,311,0,0,19.94,3,2.07,0.96
2026-05-27,[RE] [Compra] [Frio] [Validação] [Estáticos] - ABO,[RE] AD-E: 03 — Cópia,1.52,75,0,0,20.27,1,1.52,1.33
2026-05-27,[RE] [Compra] [Frio] [Validação] [Estáticos] - ABO,[RE] AD-E: 04 — Cópia,57.77,2133,0,0,27.08,12,4.81,0.56
2026-05-27,[RE] [Compra] [Frio] [Validação] [Vídeos] - ABO,[RE] AD-V: 01,91.7,3559,0,0,25.77,49,1.87,1.38
2026-05-27,[RE] [Compra] [Frio] [Validação] [Vídeos] - ABO,[RE] AD-V: 02,1.05,81,0,0,12.96,1,1.05,1.23
2026-05-27,[RE] [Compra] [Quente] [Validação] [Vídeos] - ABO,[RE] AD-V: 02,57.86,2576,0,0,22.46,51,1.13,1.98
2026-05-27,[RE] [Compra] [Quente] [Validação] [Vídeos] - ABO,[RE] AD-V: 02,21.51,997,0,0,21.57,23,0.94,2.31
2026-05-27,[RE] [Compra] [Quente] [Validação] [Vídeos] - ABO,[RE] AD-V: 03,0.01,1,0,0,10.0,0,0,0.0
2026-05-27,[RE] [Compra] [Quente] [Validação] [Vídeos] - ABO,[RE] AD-V: 04,0.14,6,0,0,23.33,0,0,0.0
2026-05-27,[RE] [Compra] [Quente] [Validação] [Vídeos] - ABO,[RE] AD-V: 05,0.18,5,0,0,36.0,0,0,0.0
2026-05-27,[RE] [Compra] [Quente] [Validação] [Vídeos] - ABO,[RE] AD-V: 07,0.01,1,0,0,10.0,0,0,0.0
2026-05-27,[RE] [Compra] [Quente] [Validação] [Vídeos] - ABO,[RE] AD-V: 07,18.41,571,0,0,32.24,4,4.6,0.7
2026-05-28,[INSTA] [Seguidores] [Frio] - ABO,[INSTA] AD-V: Medo do Escuro,37.39,2864,0,0,13.06,65,0.58,2.27
2026-05-28,[RE] [Compra] [Frio] [Melhores Criativos] - CBO,[RE] AD-E: 01,10.95,692,0,0,15.82,12,0.91,1.73
2026-05-28,[RE] [Compra] [Frio] [Melhores Criativos] - CBO,[RE] AD-E: 01,18.92,1350,0,0,14.01,10,1.89,0.74
2026-05-28,[RE] [Compra] [Frio] [Melhores Criativos] - CBO,[RE] AD-E: 01,0.54,23,0,0,23.48,0,0,0.0
2026-05-28,[RE] [Compra] [Frio] [Melhores Criativos] - CBO,[RE] AD-E: 01,19.01,1288,0,0,14.76,12,1.58,0.93
2026-05-28,[RE] [Compra] [Frio] [Melhores Criativos] - CBO,[RE] AD-E: 02,1.25,61,0,0,20.49,2,0.62,3.28
2026-05-28,[RE] [Compra] [Frio] [Melhores Criativos] - CBO,[RE] AD-V: 01,5.44,192,0,0,28.33,3,1.81,1.56
2026-05-28,[RE] [Compra] [Frio] [Validação] [Estáticos] - ABO,[RE] AD-E: 01,7.03,307,0,0,22.9,2,3.52,0.65
2026-05-28,[RE] [Compra] [Frio] [Validação] [Estáticos] - ABO,[RE] AD-E: 01,9.8,334,0,0,29.34,3,3.27,0.9
2026-05-28,[RE] [Compra] [Frio] [Validação] [Estáticos] - ABO,[RE] AD-E: 01,84.82,4944,0,0,17.16,39,2.17,0.79
2026-05-28,[RE] [Compra] [Frio] [Validação] [Estáticos] - ABO,[RE] AD-E: 01 — Cópia,15.09,878,0,0,17.19,10,1.51,1.14
2026-05-28,[RE] [Compra] [Frio] [Validação] [Estáticos] - ABO,[RE] AD-E: 01 — Cópia,2.24,114,0,0,19.65,0,0,0.0
2026-05-28,[RE] [Compra] [Frio] [Validação] [Estáticos] - ABO,[RE] AD-E: 02,8.07,285,0,0,28.32,2,4.04,0.7
2026-05-28,[RE] [Compra] [Frio] [Validação] [Estáticos] - ABO,[RE] AD-E: 02,0.0,1,0,0,0.0,0,0,0.0
2026-05-28,[RE] [Compra] [Frio] [Validação] [Estáticos] - ABO,[RE] AD-E: 02 — Cópia,45.56,1732,0,0,26.3,14,3.25,0.81
2026-05-28,[RE] [Compra] [Frio] [Validação] [Estáticos] - ABO,[RE] AD-E: 03,0.33,11,0,0,30.0,0,0,0.0
2026-05-28,[RE] [Compra] [Frio] [Validação] [Estáticos] - ABO,[RE] AD-E: 03 — Cópia,0.74,43,0,0,17.21,1,0.74,2.33
2026-05-28,[RE] [Compra] [Frio] [Validação] [Estáticos] - ABO,[RE] AD-E: 03 — Cópia,2.06,102,0,0,20.2,0,0,0.0
2026-05-28,[RE] [Compra] [Frio] [Validação] [Estáticos] - ABO,[RE] AD-E: 04,6.25,197,0,0,31.73,1,6.25,0.51
2026-05-28,[RE] [Compra] [Frio] [Validação] [Estáticos] - ABO,[RE] AD-E: 04 — Cópia,47.9,1706,0,0,28.08,14,3.42,0.82
2026-05-28,[RE] [Compra] [Frio] [Validação] [Estáticos] - ABO,[RE] AD-E: 04 — Cópia,7.24,45,0,0,160.89,1,7.24,2.22
2026-05-28,[RE] [Compra] [Frio] [Validação] [Vídeos] - ABO,[RE] AD-V: 01,92.64,3580,0,0,25.88,54,1.72,1.51
2026-05-28,[RE] [Compra] [Frio] [Validação] [Vídeos] - ABO,[RE] AD-V: 01,12.68,361,0,0,35.12,4,3.17,1.11
2026-05-28,[RE] [Compra] [Frio] [Validação] [Vídeos] - ABO,[RE] AD-V: 02,1.1,69,0,0,15.94,3,0.37,4.35
2026-05-28,[RE] [Compra] [Quente] [Validação] [Vídeos] - ABO,[RE] AD-V: 02,55.72,2638,0,0,21.12,66,0.84,2.5
2026-05-28,[RE] [Compra] [Quente] [Validação] [Vídeos] - ABO,[RE] AD-V: 02,21.71,909,0,0,23.88,18,1.21,1.98
2026-05-28,[RE] [Compra] [Quente] [Validação] [Vídeos] - ABO,[RE] AD-V: 04,0.14,2,0,0,70.0,0,0,0.0
2026-05-28,[RE] [Compra] [Quente] [Validação] [Vídeos] - ABO,[RE] AD-V: 05,0.13,9,0,0,14.44,0,0,0.0
2026-05-28,[RE] [Compra] [Quente] [Validação] [Vídeos] - ABO,[RE] AD-V: 06,0.1,5,0,0,20.0,0,0,0.0
2026-05-28,[RE] [Compra] [Quente] [Validação] [Vídeos] - ABO,[RE] AD-V: 07,20.64,539,0,0,38.29,3,6.88,0.56
2026-05-29,[INSTA] [Seguidores] [Frio] - ABO,[INSTA] AD-V: Medo do Escuro,39.32,3059,0,0,12.85,57,0.69,1.86
2026-05-29,[RE] [Compra] [Frio] [Melhores Criativos] - CBO,[RE] AD-E: 01,2.63,113,0,0,23.27,2,1.31,1.77
2026-05-29,[RE] [Compra] [Frio] [Melhores Criativos] - CBO,[RE] AD-E: 01,9.44,548,0,0,17.23,4,2.36,0.73
2026-05-29,[RE] [Compra] [Frio] [Melhores Criativos] - CBO,[RE] AD-E: 01,0.02,1,0,0,20.0,0,0,0.0
2026-05-29,[RE] [Compra] [Frio] [Melhores Criativos] - CBO,[RE] AD-E: 01,19.18,1180,0,0,16.25,14,1.37,1.19
2026-05-29,[RE] [Compra] [Frio] [Melhores Criativos] - CBO,[RE] AD-E: 02,0.95,9,0,0,105.56,1,0.95,11.11
2026-05-29,[RE] [Compra] [Frio] [Melhores Criativos] - CBO,[RE] AD-E: 02,2.49,77,0,0,32.34,0,0,0.0
2026-05-29,[RE] [Compra] [Frio] [Melhores Criativos] - CBO,[RE] AD-V: 01,29.0,661,0,0,43.87,11,2.64,1.66
2026-05-29,[RE] [Compra] [Frio] [Melhores Criativos] - CBO,[RE] AD-V: 01,33.96,1079,0,0,31.47,16,2.12,1.48
2026-05-29,[RE] [Compra] [Frio] [Melhores Criativos] - CBO,[RE] AD-V: 01,1.94,40,0,0,48.5,1,1.94,2.5
2026-05-29,[RE] [Compra] [Frio] [Validação] [Estáticos] - ABO,[RE] AD-E: 01,14.97,920,0,0,16.27,7,2.14,0.76
2026-05-29,[RE] [Compra] [Frio] [Validação] [Estáticos] - ABO,[RE] AD-E: 01,24.89,1700,0,0,14.64,15,1.66,0.88
2026-05-29,[RE] [Compra] [Frio] [Validação] [Estáticos] - ABO,[RE] AD-E: 01,70.53,3394,0,0,20.78,31,2.28,0.91
2026-05-29,[RE] [Compra] [Frio] [Validação] [Estáticos] - ABO,[RE] AD-E: 01 — Cópia,0.17,9,0,0,18.89,0,0,0.0
2026-05-29,[RE] [Compra] [Frio] [Validação] [Estáticos] - ABO,[RE] AD-E: 02,1.84,81,0,0,22.72,0,0,0.0
2026-05-29,[RE] [Compra] [Frio] [Validação] [Estáticos] - ABO,[RE] AD-E: 02 — Cópia,55.94,2121,0,0,26.37,23,2.43,1.08
2026-05-29,[RE] [Compra] [Frio] [Validação] [Estáticos] - ABO,[RE] AD-E: 03,12.3,412,0,0,29.85,1,12.3,0.24
2026-05-29,[RE] [Compra] [Frio] [Validação] [Estáticos] - ABO,[RE] AD-E: 03 — Cópia,3.55,130,0,0,27.31,2,1.77,1.54
2026-05-29,[RE] [Compra] [Frio] [Validação] [Estáticos] - ABO,[RE] AD-E: 03 — Cópia,2.97,167,0,0,17.78,0,0,0.0
2026-05-29,[RE] [Compra] [Frio] [Validação] [Estáticos] - ABO,[RE] AD-E: 04,16.89,392,0,0,43.09,4,4.22,1.02
2026-05-29,[RE] [Compra] [Frio] [Validação] [Estáticos] - ABO,[RE] AD-E: 04,1.03,35,0,0,29.43,0,0,0.0
2026-05-29,[RE] [Compra] [Frio] [Validação] [Estáticos] - ABO,[RE] AD-E: 04 — Cópia,32.41,1219,0,0,26.59,12,2.7,0.98
2026-05-29,[RE] [Compra] [Frio] [Validação] [Vídeos] - ABO,[RE] AD-V: 01,76.97,2980,0,0,25.83,34,2.26,1.14
2026-05-29,[RE] [Compra] [Frio] [Validação] [Vídeos] - ABO,[RE] AD-V: 01,26.92,716,0,0,37.6,12,2.24,1.68
2026-05-29,[RE] [Compra] [Quente] [Validação] [Vídeos] - ABO,[RE] AD-V: 02,55.09,2752,0,0,20.02,73,0.75,2.65
2026-05-29,[RE] [Compra] [Quente] [Validação] [Vídeos] - ABO,[RE] AD-V: 02,21.42,1143,0,0,18.74,17,1.26,1.49
2026-05-29,[RE] [Compra] [Quente] [Validação] [Vídeos] - ABO,[RE] AD-V: 04,0.0,1,0,0,0.0,0,0,0.0
2026-05-29,[RE] [Compra] [Quente] [Validação] [Vídeos] - ABO,[RE] AD-V: 04,0.43,12,0,0,35.83,0,0,0.0
2026-05-29,[RE] [Compra] [Quente] [Validação] [Vídeos] - ABO,[RE] AD-V: 05,0.05,5,0,0,10.0,0,0,0.0
2026-05-29,[RE] [Compra] [Quente] [Validação] [Vídeos] - ABO,[RE] AD-V: 07,20.74,488,0,0,42.5,4,5.18,0.82
2026-05-30,[INSTA] [Seguidores] [Frio] - ABO,[INSTA] AD-V: Medo do Escuro,36.22,2447,0,0,14.8,66,0.55,2.7
2026-05-30,[RE] [Compra] [Frio] [Melhores Criativos] - CBO,[RE] AD-E: 01,0.02,1,0,0,20.0,0,0,0.0
2026-05-30,[RE] [Compra] [Frio] [Melhores Criativos] - CBO,[RE] AD-E: 01,2.15,110,0,0,19.55,3,0.72,2.73
2026-05-30,[RE] [Compra] [Frio] [Melhores Criativos] - CBO,[RE] AD-E: 01,26.59,1341,0,0,19.83,16,1.66,1.19
2026-05-30,[RE] [Compra] [Frio] [Melhores Criativos] - CBO,[RE] AD-E: 02,0.01,1,0,0,10.0,0,0,0.0
2026-05-30,[RE] [Compra] [Frio] [Melhores Criativos] - CBO,[RE] AD-E: 02,0.01,1,0,0,10.0,0,0,0.0
2026-05-30,[RE] [Compra] [Frio] [Melhores Criativos] - CBO,[RE] AD-V: 01,49.3,1188,0,0,41.5,33,1.49,2.78
2026-05-30,[RE] [Compra] [Frio] [Melhores Criativos] - CBO,[RE] AD-V: 01,13.15,435,0,0,30.23,9,1.46,2.07
2026-05-30,[RE] [Compra] [Frio] [Melhores Criativos] - CBO,[RE] AD-V: 01,0.1,3,0,0,33.33,0,0,0.0
2026-05-30,[RE] [Compra] [Frio] [Validação] [Estáticos] - ABO,[RE] AD-E: 01,33.03,1708,0,0,19.34,20,1.65,1.17
2026-05-30,[RE] [Compra] [Frio] [Validação] [Estáticos] - ABO,[RE] AD-E: 01,40.06,2491,0,0,16.08,20,2.0,0.8
2026-05-30,[RE] [Compra] [Frio] [Validação] [Estáticos] - ABO,[RE] AD-E: 01,70.02,3022,0,0,23.17,39,1.8,1.29
2026-05-30,[RE] [Compra] [Frio] [Validação] [Estáticos] - ABO,[RE] AD-E: 01 — Cópia,7.85,482,0,0,16.29,1,7.85,0.21
2026-05-30,[RE] [Compra] [Frio] [Validação] [Estáticos] - ABO,[RE] AD-E: 01 — Cópia,9.16,378,0,0,24.23,2,4.58,0.53
2026-05-30,[RE] [Compra] [Frio] [Validação] [Estáticos] - ABO,[RE] AD-E: 02,0.01,1,0,0,10.0,0,0,0.0
2026-05-30,[RE] [Compra] [Frio] [Validação] [Estáticos] - ABO,[RE] AD-E: 02 — Cópia,38.24,1321,0,0,28.95,12,3.19,0.91
2026-05-30,[RE] [Compra] [Frio] [Validação] [Estáticos] - ABO,[RE] AD-E: 03,0.22,9,0,0,24.44,0,0,0.0
2026-05-30,[RE] [Compra] [Frio] [Validação] [Estáticos] - ABO,[RE] AD-E: 03,2.72,48,0,0,56.67,2,1.36,4.17
2026-05-30,[RE] [Compra] [Frio] [Validação] [Estáticos] - ABO,[RE] AD-E: 03 — Cópia,6.84,237,0,0,28.86,1,6.84,0.42
2026-05-30,[RE] [Compra] [Frio] [Validação] [Estáticos] - ABO,[RE] AD-E: 04,0.05,2,0,0,25.0,0,0,0.0
2026-05-30,[RE] [Compra] [Frio] [Validação] [Estáticos] - ABO,[RE] AD-E: 04,0.02,1,0,0,20.0,0,0,0.0
2026-05-30,[RE] [Compra] [Frio] [Validação] [Estáticos] - ABO,[RE] AD-E: 04 — Cópia,27.07,1019,0,0,26.57,7,3.87,0.69
2026-05-30,[RE] [Compra] [Frio] [Validação] [Vídeos] - ABO,[RE] AD-V: 01,54.69,1962,0,0,27.87,34,1.61,1.73
2026-05-30,[RE] [Compra] [Frio] [Validação] [Vídeos] - ABO,[RE] AD-V: 01,30.63,743,0,0,41.22,9,3.4,1.21
2026-05-30,[RE] [Compra] [Frio] [Validação] [Vídeos] - ABO,[RE] AD-V: 02,17.56,720,0,0,24.39,11,1.6,1.53
2026-05-30,[RE] [Compra] [Quente] [Validação] [Vídeos] - ABO,[RE] AD-V: 02,43.86,1866,0,0,23.5,38,1.15,2.04
2026-05-30,[RE] [Compra] [Quente] [Validação] [Vídeos] - ABO,[RE] AD-V: 02,23.84,1191,0,0,20.02,22,1.08,1.85
2026-05-30,[RE] [Compra] [Quente] [Validação] [Vídeos] - ABO,[RE] AD-V: 04,0.07,5,0,0,14.0,0,0,0.0
2026-05-30,[RE] [Compra] [Quente] [Validação] [Vídeos] - ABO,[RE] AD-V: 05,0.33,13,0,0,25.38,0,0,0.0
2026-05-30,[RE] [Compra] [Quente] [Validação] [Vídeos] - ABO,[RE] AD-V: 07,0.12,11,0,0,10.91,0,0,0.0
2026-05-31,[INSTA] [Seguidores] [Frio] - ABO,[INSTA] AD-V: Medo do Escuro,45.56,2653,0,0,17.17,72,0.63,2.71
2026-05-31,[RE] [Compra] [Frio] [Melhores Criativos] - CBO,[RE] AD-E: 01,0.14,14,0,0,10.0,0,0,0.0
2026-05-31,[RE] [Compra] [Frio] [Melhores Criativos] - CBO,[RE] AD-E: 01,34.72,1570,0,0,22.11,17,2.04,1.08
2026-05-31,[RE] [Compra] [Frio] [Melhores Criativos] - CBO,[RE] AD-V: 01,62.75,1438,0,0,43.64,33,1.9,2.29
2026-05-31,[RE] [Compra] [Frio] [Melhores Criativos] - CBO,[RE] AD-V: 01,9.16,335,0,0,27.34,3,3.05,0.9
2026-05-31,[RE] [Compra] [Frio] [Validação] [Estáticos] - ABO,[RE] AD-E: 01,29.47,1414,0,0,20.84,13,2.27,0.92
2026-05-31,[RE] [Compra] [Frio] [Validação] [Estáticos] - ABO,[RE] AD-E: 01,43.6,3459,0,0,12.6,23,1.9,0.66
2026-05-31,[RE] [Compra] [Frio] [Validação] [Estáticos] - ABO,[RE] AD-E: 01,75.65,3408,0,0,22.2,35,2.16,1.03
2026-05-31,[RE] [Compra] [Frio] [Validação] [Estáticos] - ABO,[RE] AD-E: 01 — Cópia,1.37,15,0,0,91.33,0,0,0.0
2026-05-31,[RE] [Compra] [Frio] [Validação] [Estáticos] - ABO,[RE] AD-E: 01 — Cópia,1.4,80,0,0,17.5,0,0,0.0
2026-05-31,[RE] [Compra] [Frio] [Validação] [Estáticos] - ABO,[RE] AD-E: 02,1.62,60,0,0,27.0,0,0,0.0
2026-05-31,[RE] [Compra] [Frio] [Validação] [Estáticos] - ABO,[RE] AD-E: 02 — Cópia,57.16,2165,0,0,26.4,16,3.57,0.74
2026-05-31,[RE] [Compra] [Frio] [Validação] [Estáticos] - ABO,[RE] AD-E: 03,1.11,39,0,0,28.46,0,0,0.0
2026-05-31,[RE] [Compra] [Frio] [Validação] [Estáticos] - ABO,[RE] AD-E: 03 — Cópia,7.66,231,0,0,33.16,0,0,0.0
2026-05-31,[RE] [Compra] [Frio] [Validação] [Estáticos] - ABO,[RE] AD-E: 04,1.09,32,0,0,34.06,0,0,0.0
2026-05-31,[RE] [Compra] [Frio] [Validação] [Estáticos] - ABO,[RE] AD-E: 04 — Cópia,29.59,945,0,0,31.31,13,2.28,1.38
2026-05-31,[RE] [Compra] [Frio] [Validação] [Vídeos] - ABO,[RE] AD-V: 01,72.41,2662,0,0,27.2,45,1.61,1.69
2026-05-31,[RE] [Compra] [Frio] [Validação] [Vídeos] - ABO,[RE] AD-V: 01,31.56,783,0,0,40.31,20,1.58,2.55
2026-05-31,[RE] [Compra] [Frio] [Validação] [Vídeos] - ABO,[RE] AD-V: 02,8.63,393,0,0,21.96,10,0.86,2.54
2026-06-01,[INSTA] [Seguidores] [Frio] - ABO,[INSTA] AD-V: Medo do Escuro,44.68,4465,0,0,10.01,95,0.47,2.13
2026-06-01,[RE] [Compra] [Frio] [Melhores Criativos] - CBO,[RE] AD-E: 01,0.01,2,0,0,5.0,0,0,0.0
2026-06-01,[RE] [Compra] [Frio] [Melhores Criativos] - CBO,[RE] AD-E: 01,39.07,2073,0,0,18.85,26,1.5,1.25
2026-06-01,[RE] [Compra] [Frio] [Melhores Criativos] - CBO,[RE] AD-V: 01,57.47,1772,0,0,32.43,26,2.21,1.47
2026-06-01,[RE] [Compra] [Frio] [Melhores Criativos] - CBO,[RE] AD-V: 01,9.72,320,0,0,30.38,10,0.97,3.12
2026-06-01,[RE] [Compra] [Frio] [Validação] [Estáticos] - ABO,[RE] AD-E: 01,36.2,2068,0,0,17.5,12,3.02,0.58
2026-06-01,[RE] [Compra] [Frio] [Validação] [Estáticos] - ABO,[RE] AD-E: 01,38.48,3214,0,0,11.97,21,1.83,0.65
2026-06-01,[RE] [Compra] [Frio] [Validação] [Estáticos] - ABO,[RE] AD-E: 01,78.28,3940,0,0,19.87,38,2.06,0.96
2026-06-01,[RE] [Compra] [Frio] [Validação] [Estáticos] - ABO,[RE] AD-E: 01 — Cópia,2.87,112,0,0,25.63,3,0.96,2.68
2026-06-01,[RE] [Compra] [Frio] [Validação] [Estáticos] - ABO,[RE] AD-E: 01 — Cópia,2.05,65,0,0,31.54,0,0,0.0
2026-06-01,[RE] [Compra] [Frio] [Validação] [Estáticos] - ABO,[RE] AD-E: 02 — Cópia,55.54,2744,0,0,20.24,18,3.09,0.66
2026-06-01,[RE] [Compra] [Frio] [Validação] [Estáticos] - ABO,[RE] AD-E: 03,3.32,212,0,0,15.66,0,0,0.0
2026-06-01,[RE] [Compra] [Frio] [Validação] [Estáticos] - ABO,[RE] AD-E: 03,1.3,19,0,0,68.42,0,0,0.0
2026-06-01,[RE] [Compra] [Frio] [Validação] [Estáticos] - ABO,[RE] AD-E: 03 — Cópia,15.41,490,0,0,31.45,7,2.2,1.43
2026-06-01,[RE] [Compra] [Frio] [Validação] [Estáticos] - ABO,[RE] AD-E: 03 — Cópia,0.04,5,0,0,8.0,0,0,0.0
2026-06-01,[RE] [Compra] [Frio] [Validação] [Estáticos] - ABO,[RE] AD-E: 04,0.1,6,0,0,16.67,0,0,0.0
2026-06-01,[RE] [Compra] [Frio] [Validação] [Estáticos] - ABO,[RE] AD-E: 04 — Cópia,36.62,1311,0,0,27.93,11,3.33,0.84
2026-06-01,[RE] [Compra] [Frio] [Validação] [Vídeos] - ABO,[RE] AD-V: 01,78.41,3729,0,0,21.03,40,1.96,1.07
2026-06-01,[RE] [Compra] [Frio] [Validação] [Vídeos] - ABO,[RE] AD-V: 01,28.37,901,0,0,31.49,17,1.67,1.89
2026-06-01,[RE] [Compra] [Frio] [Validação] [Vídeos] - ABO,[RE] AD-V: 02,1.96,128,0,0,15.31,4,0.49,3.12
2026-06-01,[RE] [Compra] [Quente] [Validação] [Vídeos] - ABO,[RE] AD-V: 02,64.6,3193,0,0,20.23,65,0.99,2.04
2026-06-01,[RE] [Compra] [Quente] [Validação] [Vídeos] - ABO,[RE] AD-V: 02,23.69,1250,0,0,18.95,26,0.91,2.08
2026-06-01,[RE] [Compra] [Quente] [Validação] [Vídeos] - ABO,[RE] AD-V: 04,0.02,2,0,0,10.0,0,0,0.0
2026-06-01,[RE] [Compra] [Quente] [Validação] [Vídeos] - ABO,[RE] AD-V: 07,0.23,1,0,0,230.0,0,0,0.0
2026-06-01,[RE] [Compra] [Quente] [Validação] [Vídeos] - ABO,[RE] AD-V: 07,21.31,432,0,0,49.33,2,10.65,0.46
2026-06-02,[INSTA] [Seguidores] [Frio] - ABO,[INSTA] AD-V: Medo do Escuro,40.95,4609,0,0,8.88,74,0.55,1.61
2026-06-02,[RE] [Compra] [Frio] [Melhores Criativos] - CBO,[RE] AD-E: 01,0.02,1,0,0,20.0,0,0,0.0
2026-06-02,[RE] [Compra] [Frio] [Melhores Criativos] - CBO,[RE] AD-E: 01,0.05,3,0,0,16.67,0,0,0.0
2026-06-02,[RE] [Compra] [Frio] [Melhores Criativos] - CBO,[RE] AD-E: 01,27.88,1675,0,0,16.64,13,2.14,0.78
2026-06-02,[RE] [Compra] [Frio] [Melhores Criativos] - CBO,[RE] AD-E: 02,0.72,50,0,0,14.4,0,0,0.0
2026-06-02,[RE] [Compra] [Frio] [Melhores Criativos] - CBO,[RE] AD-V: 01,75.34,3483,0,0,21.63,65,1.16,1.87
2026-06-02,[RE] [Compra] [Frio] [Melhores Criativos] - CBO,[RE] AD-V: 01,8.32,290,0,0,28.69,8,1.04,2.76
2026-06-02,[RE] [Compra] [Frio] [Validação] [Estáticos] - ABO,[RE] AD-E: 01,40.27,3026,0,0,13.31,24,1.68,0.79
2026-06-02,[RE] [Compra] [Frio] [Validação] [Estáticos] - ABO,[RE] AD-E: 01,35.25,2601,0,0,13.55,32,1.1,1.23
2026-06-02,[RE] [Compra] [Frio] [Validação] [Estáticos] - ABO,[RE] AD-E: 01,70.15,4519,0,0,15.52,40,1.75,0.89
2026-06-02,[RE] [Compra] [Frio] [Validação] [Estáticos] - ABO,[RE] AD-E: 01 — Cópia,14.61,1258,0,0,11.61,5,2.92,0.4
2026-06-02,[RE] [Compra] [Frio] [Validação] [Estáticos] - ABO,[RE] AD-E: 01 — Cópia,5.49,424,0,0,12.95,2,2.75,0.47
2026-06-02,[RE] [Compra] [Frio] [Validação] [Estáticos] - ABO,[RE] AD-E: 02,2.42,171,0,0,14.15,1,2.42,0.58
2026-06-02,[RE] [Compra] [Frio] [Validação] [Estáticos] - ABO,[RE] AD-E: 02 — Cópia,62.15,3316,0,0,18.74,28,2.22,0.84
2026-06-02,[RE] [Compra] [Frio] [Validação] [Estáticos] - ABO,[RE] AD-E: 03,1.36,88,0,0,15.45,0,0,0.0
2026-06-02,[RE] [Compra] [Frio] [Validação] [Estáticos] - ABO,[RE] AD-E: 03 — Cópia,1.65,51,0,0,32.35,0,0,0.0
2026-06-02,[RE] [Compra] [Frio] [Validação] [Estáticos] - ABO,[RE] AD-E: 03 — Cópia,2.86,160,0,0,17.88,0,0,0.0
2026-06-02,[RE] [Compra] [Frio] [Validação] [Estáticos] - ABO,[RE] AD-E: 04 — Cópia,28.84,1229,0,0,23.47,3,9.61,0.24
2026-06-02,[RE] [Compra] [Frio] [Validação] [Vídeos] - ABO,[RE] AD-V: 01,74.99,3315,0,0,22.62,52,1.44,1.57
2026-06-02,[RE] [Compra] [Frio] [Validação] [Vídeos] - ABO,[RE] AD-V: 01,15.49,538,0,0,28.79,9,1.72,1.67
2026-06-02,[RE] [Compra] [Frio] [Validação] [Vídeos] - ABO,[RE] AD-V: 02,4.94,262,0,0,18.85,5,0.99,1.91
2026-06-02,[RE] [Compra] [Quente] [Validação] [Vídeos] - ABO,[RE] AD-V: 02,65.76,4005,0,0,16.42,82,0.8,2.05
2026-06-02,[RE] [Compra] [Quente] [Validação] [Vídeos] - ABO,[RE] AD-V: 02,10.85,530,0,0,20.47,10,1.08,1.89
2026-06-02,[RE] [Compra] [Quente] [Validação] [Vídeos] - ABO,[RE] AD-V: 06,0.02,1,0,0,20.0,0,0,0.0
2026-06-02,[RE] [Compra] [Quente] [Validação] [Vídeos] - ABO,[RE] AD-V: 07,10.64,253,0,0,42.06,2,5.32,0.79
2026-06-03,[INSTA] [Seguidores] [Frio] - ABO,[INSTA] AD-V: Medo do Escuro,38.24,3429,0,0,11.15,67,0.57,1.95
2026-06-03,[RE] [Compra] [Frio] [Melhores Criativos] - CBO,[RE] AD-V: 01,77.09,3440,0,0,22.41,45,1.71,1.31
2026-06-03,[RE] [Compra] [Frio] [Melhores Criativos] - CBO,[RE] AD-V: 01,10.15,516,0,0,19.67,8,1.27,1.55
2026-06-03,[RE] [Compra] [Frio] [Validação] [Estáticos] - ABO,[RE] AD-E: 01,33.71,2685,0,0,12.55,11,3.06,0.41
2026-06-03,[RE] [Compra] [Frio] [Validação] [Estáticos] - ABO,[RE] AD-E: 01,34.41,2458,0,0,14.0,23,1.5,0.94
2026-06-03,[RE] [Compra] [Frio] [Validação] [Estáticos] - ABO,[RE] AD-E: 01,68.24,4290,0,0,15.91,54,1.26,1.26
2026-06-03,[RE] [Compra] [Frio] [Validação] [Estáticos] - ABO,[RE] AD-E: 02,0.18,11,0,0,16.36,0,0,0.0
2026-06-03,[RE] [Compra] [Frio] [Validação] [Estáticos] - ABO,[RE] AD-E: 02 — Cópia,50.44,2645,0,0,19.07,18,2.8,0.68
2026-06-03,[RE] [Compra] [Frio] [Validação] [Estáticos] - ABO,[RE] AD-E: 03,4.14,210,0,0,19.71,7,0.59,3.33
2026-06-03,[RE] [Compra] [Frio] [Validação] [Estáticos] - ABO,[RE] AD-E: 03 — Cópia,3.02,109,0,0,27.71,1,3.02,0.92
2026-06-03,[RE] [Compra] [Frio] [Validação] [Estáticos] - ABO,[RE] AD-E: 03 — Cópia,4.4,272,0,0,16.18,0,0,0.0
2026-06-03,[RE] [Compra] [Frio] [Validação] [Estáticos] - ABO,[RE] AD-E: 04,3.75,174,0,0,21.55,2,1.88,1.15
2026-06-03,[RE] [Compra] [Frio] [Validação] [Estáticos] - ABO,[RE] AD-E: 04 — Cópia,32.16,1767,0,0,18.2,15,2.14,0.85
2026-06-03,[RE] [Compra] [Frio] [Validação] [Vídeos] - ABO,[RE] AD-V: 01,57.77,1962,0,0,29.44,38,1.52,1.94
2026-06-03,[RE] [Compra] [Quente] [Validação] [Vídeos] - ABO,[RE] AD-V: 02,55.47,3676,0,0,15.09,91,0.61,2.48
2026-06-03,[RE] [Compra] [Quente] [Validação] [Vídeos] - ABO,[RE] AD-V: 07,0.06,1,0,0,60.0,0,0,0.0
2026-06-04,[INSTA] [Seguidores] [Frio] - ABO,[INSTA] AD-V: Medo do Escuro,7.49,576,0,0,13.0,18,0.42,3.12
2026-06-04,[RE] [Compra] [Frio] [Melhores Criativos] - CBO,[RE] AD-E: 01,2.13,124,0,0,17.18,1,2.13,0.81
2026-06-04,[RE] [Compra] [Frio] [Melhores Criativos] - CBO,[RE] AD-E: 01,0.03,1,0,0,30.0,0,0,0.0
2026-06-04,[RE] [Compra] [Frio] [Melhores Criativos] - CBO,[RE] AD-E: 02,0.06,5,0,0,12.0,0,0,0.0
2026-06-04,[RE] [Compra] [Frio] [Melhores Criativos] - CBO,[RE] AD-V: 01,32.37,1208,0,0,26.8,27,1.2,2.24
2026-06-04,[RE] [Compra] [Frio] [Melhores Criativos] - CBO,[RE] AD-V: 01,1.57,60,0,0,26.17,3,0.52,5.0
2026-06-04,[RE] [Compra] [Frio] [Validação] [Estáticos] - ABO,[RE] AD-E: 01,11.5,852,0,0,13.5,8,1.44,0.94
2026-06-04,[RE] [Compra] [Frio] [Validação] [Estáticos] - ABO,[RE] AD-E: 01,9.13,591,0,0,15.45,4,2.28,0.68
2026-06-04,[RE] [Compra] [Frio] [Validação] [Estáticos] - ABO,[RE] AD-E: 01,14.94,873,0,0,17.11,6,2.49,0.69
2026-06-04,[RE] [Compra] [Frio] [Validação] [Estáticos] - ABO,[RE] AD-E: 01 — Cópia,9.7,527,0,0,18.41,4,2.42,0.76
2026-06-04,[RE] [Compra] [Frio] [Validação] [Estáticos] - ABO,[RE] AD-E: 02,0.09,1,0,0,90.0,0,0,0.0
2026-06-04,[RE] [Compra] [Frio] [Validação] [Estáticos] - ABO,[RE] AD-E: 02 — Cópia,16.09,846,0,0,19.02,6,2.68,0.71
2026-06-04,[RE] [Compra] [Frio] [Validação] [Estáticos] - ABO,[RE] AD-E: 03,1.77,72,0,0,24.58,1,1.77,1.39
2026-06-04,[RE] [Compra] [Frio] [Validação] [Estáticos] - ABO,[RE] AD-E: 04,0.09,3,0,0,30.0,0,0,0.0
2026-06-04,[RE] [Compra] [Frio] [Validação] [Estáticos] - ABO,[RE] AD-E: 04 — Cópia,4.11,213,0,0,19.3,0,0,0.0
2026-06-04,[RE] [Compra] [Frio] [Validação] [Vídeos] - ABO,[RE] AD-V: 01,15.35,525,0,0,29.24,8,1.92,1.52
2026-06-04,[RE] [Compra] [Frio] [Validação] [Vídeos] - ABO,[RE] AD-V: 02,11.54,526,0,0,21.94,7,1.65,1.33
2026-06-04,[RE] [Compra] [Quente] [Validação] [Vídeos] - ABO,[RE] AD-V: 02,16.7,1013,0,0,16.49,18,0.93,1.78
